image_id,filename,model,true_class,predicted_class,confidence,failure_type,target_layer,gradcam_filepath
0,glioma/Te-gl_1.jpg,EfficientNetB0,glioma,glioma,0.552734375,pairwise_A_wrong_B_correct_VGG16_vs_EfficientNetB0,top_conv,/kaggle/working/results/explainability/gradcam/EfficientNetB0/img0_pairwise_A_wrong_B_correct_VGG16_vs_EfficientNetB0.png
0,glioma/Te-gl_1.jpg,EfficientNetB0,glioma,glioma,0.552734375,pairwise_A_wrong_B_correct_ResNet50_vs_EfficientNetB0,top_conv,/kaggle/working/results/explainability/gradcam/EfficientNetB0/img0_pairwise_A_wrong_B_correct_ResNet50_vs_EfficientNetB0.png
0,glioma/Te-gl_1.jpg,ResNet50,glioma,pituitary,0.60498046875,pairwise_both_wrong_different_preds_VGG16_vs_ResNet50,conv5_block3_3_conv,/kaggle/working/results/explainability/gradcam/ResNet50/img0_pairwise_both_wrong_different_preds_VGG16_vs_ResNet50.png
0,glioma/Te-gl_1.jpg,ResNet50,glioma,pituitary,0.60498046875,pairwise_A_wrong_B_correct_ResNet50_vs_EfficientNetB0,conv5_block3_3_conv,/kaggle/working/results/explainability/gradcam/ResNet50/img0_pairwise_A_wrong_B_correct_ResNet50_vs_EfficientNetB0.png
0,glioma/Te-gl_1.jpg,VGG16,glioma,meningioma,0.47705078125,pairwise_both_wrong_different_preds_VGG16_vs_ResNet50,block5_conv3,/kaggle/working/results/explainability/gradcam/VGG16/img0_pairwise_both_wrong_different_preds_VGG16_vs_ResNet50.png
0,glioma/Te-gl_1.jpg,VGG16,glioma,meningioma,0.47705078125,pairwise_A_wrong_B_correct_VGG16_vs_EfficientNetB0,block5_conv3,/kaggle/working/results/explainability/gradcam/VGG16/img0_pairwise_A_wrong_B_correct_VGG16_vs_EfficientNetB0.png
3,glioma/Te-gl_101.jpg,ResNet50,glioma,glioma,0.9892578125,pairwise_A_wrong_B_correct_VGG16_vs_ResNet50,conv5_block3_3_conv,/kaggle/working/results/explainability/gradcam/ResNet50/img3_pairwise_A_wrong_B_correct_VGG16_vs_ResNet50.png
3,glioma/Te-gl_101.jpg,VGG16,glioma,pituitary,0.82763671875,model_specific_failure,block5_conv3,/kaggle/working/results/explainability/gradcam/VGG16/img3_model_specific_failure.png
3,glioma/Te-gl_101.jpg,VGG16,glioma,pituitary,0.82763671875,pairwise_A_wrong_B_correct_VGG16_vs_ResNet50,block5_conv3,/kaggle/working/results/explainability/gradcam/VGG16/img3_pairwise_A_wrong_B_correct_VGG16_vs_ResNet50.png
5,glioma/Te-gl_103.jpg,EfficientNetB0,glioma,meningioma,0.9541015625,pairwise_both_wrong_different_preds_ResNet50_vs_EfficientNetB0,top_conv,/kaggle/working/results/explainability/gradcam/EfficientNetB0/img5_pairwise_both_wrong_different_preds_ResNet50_vs_EfficientNetB0.png
5,glioma/Te-gl_103.jpg,ResNet50,glioma,notumor,0.9853515625,pairwise_both_wrong_different_preds_ResNet50_vs_EfficientNetB0,conv5_block3_3_conv,/kaggle/working/results/explainability/gradcam/ResNet50/img5_pairwise_both_wrong_different_preds_ResNet50_vs_EfficientNetB0.png
6,glioma/Te-gl_104.jpg,EfficientNetB0,glioma,meningioma,0.50634765625,model_specific_failure,top_conv,/kaggle/working/results/explainability/gradcam/EfficientNetB0/img6_model_specific_failure.png
8,glioma/Te-gl_106.jpg,VGG16,glioma,meningioma,0.9951171875,glioma_meningioma_confusion,block5_conv3,/kaggle/working/results/explainability/gradcam/VGG16/img8_glioma_meningioma_confusion.png
11,glioma/Te-gl_109.jpg,EfficientNetB0,glioma,meningioma,0.98193359375,glioma_meningioma_confusion,top_conv,/kaggle/working/results/explainability/gradcam/EfficientNetB0/img11_glioma_meningioma_confusion.png
11,glioma/Te-gl_109.jpg,ResNet50,glioma,meningioma,0.9990234375,glioma_meningioma_confusion,conv5_block3_3_conv,/kaggle/working/results/explainability/gradcam/ResNet50/img11_glioma_meningioma_confusion.png
13,glioma/Te-gl_110.jpg,VGG16,glioma,meningioma,0.54638671875,model_specific_failure,block5_conv3,/kaggle/working/results/explainability/gradcam/VGG16/img13_model_specific_failure.png
18,glioma/Te-gl_115.jpg,EfficientNetB0,glioma,meningioma,0.46240234375,shared_failure,top_conv,/kaggle/working/results/explainability/gradcam/EfficientNetB0/img18_shared_failure.png
18,glioma/Te-gl_115.jpg,ResNet50,glioma,meningioma,0.7373046875,shared_failure,conv5_block3_3_conv,/kaggle/working/results/explainability/gradcam/ResNet50/img18_shared_failure.png
18,glioma/Te-gl_115.jpg,VGG16,glioma,meningioma,0.7001953125,shared_failure,block5_conv3,/kaggle/working/results/explainability/gradcam/VGG16/img18_shared_failure.png
22,glioma/Te-gl_119.jpg,ResNet50,glioma,meningioma,0.5625,model_specific_failure,conv5_block3_3_conv,/kaggle/working/results/explainability/gradcam/ResNet50/img22_model_specific_failure.png
22,glioma/Te-gl_119.jpg,ResNet50,glioma,meningioma,0.5625,pairwise_A_correct_B_wrong_VGG16_vs_ResNet50,conv5_block3_3_conv,/kaggle/working/results/explainability/gradcam/ResNet50/img22_pairwise_A_correct_B_wrong_VGG16_vs_ResNet50.png
22,glioma/Te-gl_119.jpg,VGG16,glioma,glioma,0.994140625,pairwise_A_correct_B_wrong_VGG16_vs_ResNet50,block5_conv3,/kaggle/working/results/explainability/gradcam/VGG16/img22_pairwise_A_correct_B_wrong_VGG16_vs_ResNet50.png
29,glioma/Te-gl_125.jpg,EfficientNetB0,glioma,meningioma,0.5732421875,pairwise_A_correct_B_wrong_VGG16_vs_EfficientNetB0,top_conv,/kaggle/working/results/explainability/gradcam/EfficientNetB0/img29_pairwise_A_correct_B_wrong_VGG16_vs_EfficientNetB0.png
29,glioma/Te-gl_125.jpg,VGG16,glioma,glioma,0.93115234375,pairwise_A_correct_B_wrong_VGG16_vs_EfficientNetB0,block5_conv3,/kaggle/working/results/explainability/gradcam/VGG16/img29_pairwise_A_correct_B_wrong_VGG16_vs_EfficientNetB0.png
30,glioma/Te-gl_126.jpg,EfficientNetB0,glioma,meningioma,0.6708984375,shared_failure,top_conv,/kaggle/working/results/explainability/gradcam/EfficientNetB0/img30_shared_failure.png
30,glioma/Te-gl_126.jpg,ResNet50,glioma,meningioma,0.96044921875,shared_failure,conv5_block3_3_conv,/kaggle/working/results/explainability/gradcam/ResNet50/img30_shared_failure.png
30,glioma/Te-gl_126.jpg,VGG16,glioma,meningioma,0.63134765625,shared_failure,block5_conv3,/kaggle/working/results/explainability/gradcam/VGG16/img30_shared_failure.png
33,glioma/Te-gl_129.jpg,ResNet50,glioma,meningioma,0.9892578125,pairwise_both_wrong_different_preds_VGG16_vs_ResNet50,conv5_block3_3_conv,/kaggle/working/results/explainability/gradcam/ResNet50/img33_pairwise_both_wrong_different_preds_VGG16_vs_ResNet50.png
33,glioma/Te-gl_129.jpg,VGG16,glioma,notumor,0.970703125,pairwise_both_wrong_different_preds_VGG16_vs_ResNet50,block5_conv3,/kaggle/working/results/explainability/gradcam/VGG16/img33_pairwise_both_wrong_different_preds_VGG16_vs_ResNet50.png
38,glioma/Te-gl_133.jpg,EfficientNetB0,glioma,notumor,0.38037109375,pairwise_both_wrong_different_preds_VGG16_vs_EfficientNetB0,top_conv,/kaggle/working/results/explainability/gradcam/EfficientNetB0/img38_pairwise_both_wrong_different_preds_VGG16_vs_EfficientNetB0.png
38,glioma/Te-gl_133.jpg,ResNet50,glioma,notumor,0.99609375,pairwise_both_wrong_different_preds_VGG16_vs_ResNet50,conv5_block3_3_conv,/kaggle/working/results/explainability/gradcam/ResNet50/img38_pairwise_both_wrong_different_preds_VGG16_vs_ResNet50.png
38,glioma/Te-gl_133.jpg,VGG16,glioma,meningioma,0.62939453125,pairwise_both_wrong_different_preds_VGG16_vs_ResNet50,block5_conv3,/kaggle/working/results/explainability/gradcam/VGG16/img38_pairwise_both_wrong_different_preds_VGG16_vs_ResNet50.png
38,glioma/Te-gl_133.jpg,VGG16,glioma,meningioma,0.62939453125,pairwise_both_wrong_different_preds_VGG16_vs_EfficientNetB0,block5_conv3,/kaggle/working/results/explainability/gradcam/VGG16/img38_pairwise_both_wrong_different_preds_VGG16_vs_EfficientNetB0.png
38,glioma/Te-gl_133.jpg,VGG16,glioma,meningioma,0.62939453125,glioma_meningioma_confusion,block5_conv3,/kaggle/working/results/explainability/gradcam/VGG16/img38_glioma_meningioma_confusion.png
43,glioma/Te-gl_138.jpg,EfficientNetB0,glioma,meningioma,0.80908203125,pairwise_A_correct_B_wrong_VGG16_vs_EfficientNetB0,top_conv,/kaggle/working/results/explainability/gradcam/EfficientNetB0/img43_pairwise_A_correct_B_wrong_VGG16_vs_EfficientNetB0.png
43,glioma/Te-gl_138.jpg,EfficientNetB0,glioma,meningioma,0.80908203125,pairwise_A_correct_B_wrong_ResNet50_vs_EfficientNetB0,top_conv,/kaggle/working/results/explainability/gradcam/EfficientNetB0/img43_pairwise_A_correct_B_wrong_ResNet50_vs_EfficientNetB0.png
43,glioma/Te-gl_138.jpg,ResNet50,glioma,glioma,0.97607421875,pairwise_A_correct_B_wrong_ResNet50_vs_EfficientNetB0,conv5_block3_3_conv,/kaggle/working/results/explainability/gradcam/ResNet50/img43_pairwise_A_correct_B_wrong_ResNet50_vs_EfficientNetB0.png
43,glioma/Te-gl_138.jpg,VGG16,glioma,glioma,0.8310546875,pairwise_A_correct_B_wrong_VGG16_vs_EfficientNetB0,block5_conv3,/kaggle/working/results/explainability/gradcam/VGG16/img43_pairwise_A_correct_B_wrong_VGG16_vs_EfficientNetB0.png
46,glioma/Te-gl_140.jpg,ResNet50,glioma,meningioma,0.8359375,glioma_meningioma_confusion,conv5_block3_3_conv,/kaggle/working/results/explainability/gradcam/ResNet50/img46_glioma_meningioma_confusion.png
46,glioma/Te-gl_140.jpg,VGG16,glioma,meningioma,1.0,glioma_meningioma_confusion,block5_conv3,/kaggle/working/results/explainability/gradcam/VGG16/img46_glioma_meningioma_confusion.png
56,glioma/Te-gl_15.jpg,VGG16,glioma,meningioma,0.9677734375,glioma_meningioma_confusion,block5_conv3,/kaggle/working/results/explainability/gradcam/VGG16/img56_glioma_meningioma_confusion.png
58,glioma/Te-gl_151.jpg,EfficientNetB0,glioma,meningioma,0.7392578125,glioma_meningioma_confusion,top_conv,/kaggle/working/results/explainability/gradcam/EfficientNetB0/img58_glioma_meningioma_confusion.png
58,glioma/Te-gl_151.jpg,ResNet50,glioma,meningioma,0.994140625,glioma_meningioma_confusion,conv5_block3_3_conv,/kaggle/working/results/explainability/gradcam/ResNet50/img58_glioma_meningioma_confusion.png
60,glioma/Te-gl_153.jpg,EfficientNetB0,glioma,meningioma,0.970703125,model_specific_failure,top_conv,/kaggle/working/results/explainability/gradcam/EfficientNetB0/img60_model_specific_failure.png
66,glioma/Te-gl_159.jpg,EfficientNetB0,glioma,meningioma,0.437255859375,pairwise_both_wrong_different_preds_VGG16_vs_EfficientNetB0,top_conv,/kaggle/working/results/explainability/gradcam/EfficientNetB0/img66_pairwise_both_wrong_different_preds_VGG16_vs_EfficientNetB0.png
66,glioma/Te-gl_159.jpg,EfficientNetB0,glioma,meningioma,0.437255859375,pairwise_both_wrong_different_preds_ResNet50_vs_EfficientNetB0,top_conv,/kaggle/working/results/explainability/gradcam/EfficientNetB0/img66_pairwise_both_wrong_different_preds_ResNet50_vs_EfficientNetB0.png
66,glioma/Te-gl_159.jpg,EfficientNetB0,glioma,meningioma,0.437255859375,glioma_meningioma_confusion,top_conv,/kaggle/working/results/explainability/gradcam/EfficientNetB0/img66_glioma_meningioma_confusion.png
66,glioma/Te-gl_159.jpg,ResNet50,glioma,notumor,0.97802734375,pairwise_both_wrong_different_preds_ResNet50_vs_EfficientNetB0,conv5_block3_3_conv,/kaggle/working/results/explainability/gradcam/ResNet50/img66_pairwise_both_wrong_different_preds_ResNet50_vs_EfficientNetB0.png
66,glioma/Te-gl_159.jpg,VGG16,glioma,notumor,0.67041015625,pairwise_both_wrong_different_preds_VGG16_vs_EfficientNetB0,block5_conv3,/kaggle/working/results/explainability/gradcam/VGG16/img66_pairwise_both_wrong_different_preds_VGG16_vs_EfficientNetB0.png
68,glioma/Te-gl_160.jpg,EfficientNetB0,glioma,meningioma,0.95166015625,shared_failure,top_conv,/kaggle/working/results/explainability/gradcam/EfficientNetB0/img68_shared_failure.png
68,glioma/Te-gl_160.jpg,EfficientNetB0,glioma,meningioma,0.95166015625,pairwise_both_wrong_different_preds_ResNet50_vs_EfficientNetB0,top_conv,/kaggle/working/results/explainability/gradcam/EfficientNetB0/img68_pairwise_both_wrong_different_preds_ResNet50_vs_EfficientNetB0.png
68,glioma/Te-gl_160.jpg,EfficientNetB0,glioma,meningioma,0.95166015625,glioma_meningioma_confusion,top_conv,/kaggle/working/results/explainability/gradcam/EfficientNetB0/img68_glioma_meningioma_confusion.png
68,glioma/Te-gl_160.jpg,ResNet50,glioma,pituitary,0.9453125,shared_failure,conv5_block3_3_conv,/kaggle/working/results/explainability/gradcam/ResNet50/img68_shared_failure.png
68,glioma/Te-gl_160.jpg,ResNet50,glioma,pituitary,0.9453125,pairwise_both_wrong_different_preds_VGG16_vs_ResNet50,conv5_block3_3_conv,/kaggle/working/results/explainability/gradcam/ResNet50/img68_pairwise_both_wrong_different_preds_VGG16_vs_ResNet50.png
68,glioma/Te-gl_160.jpg,ResNet50,glioma,pituitary,0.9453125,pairwise_both_wrong_different_preds_ResNet50_vs_EfficientNetB0,conv5_block3_3_conv,/kaggle/working/results/explainability/gradcam/ResNet50/img68_pairwise_both_wrong_different_preds_ResNet50_vs_EfficientNetB0.png
68,glioma/Te-gl_160.jpg,VGG16,glioma,meningioma,0.87890625,shared_failure,block5_conv3,/kaggle/working/results/explainability/gradcam/VGG16/img68_shared_failure.png
68,glioma/Te-gl_160.jpg,VGG16,glioma,meningioma,0.87890625,pairwise_both_wrong_different_preds_VGG16_vs_ResNet50,block5_conv3,/kaggle/working/results/explainability/gradcam/VGG16/img68_pairwise_both_wrong_different_preds_VGG16_vs_ResNet50.png
69,glioma/Te-gl_161.jpg,ResNet50,glioma,pituitary,0.6748046875,model_specific_failure,conv5_block3_3_conv,/kaggle/working/results/explainability/gradcam/ResNet50/img69_model_specific_failure.png
74,glioma/Te-gl_166.jpg,EfficientNetB0,glioma,glioma,0.97412109375,pairwise_A_wrong_B_correct_VGG16_vs_EfficientNetB0,top_conv,/kaggle/working/results/explainability/gradcam/EfficientNetB0/img74_pairwise_A_wrong_B_correct_VGG16_vs_EfficientNetB0.png
74,glioma/Te-gl_166.jpg,EfficientNetB0,glioma,glioma,0.97412109375,pairwise_A_wrong_B_correct_ResNet50_vs_EfficientNetB0,top_conv,/kaggle/working/results/explainability/gradcam/EfficientNetB0/img74_pairwise_A_wrong_B_correct_ResNet50_vs_EfficientNetB0.png
74,glioma/Te-gl_166.jpg,ResNet50,glioma,notumor,0.7421875,pairwise_A_wrong_B_correct_ResNet50_vs_EfficientNetB0,conv5_block3_3_conv,/kaggle/working/results/explainability/gradcam/ResNet50/img74_pairwise_A_wrong_B_correct_ResNet50_vs_EfficientNetB0.png
74,glioma/Te-gl_166.jpg,VGG16,glioma,notumor,0.7431640625,pairwise_A_wrong_B_correct_VGG16_vs_EfficientNetB0,block5_conv3,/kaggle/working/results/explainability/gradcam/VGG16/img74_pairwise_A_wrong_B_correct_VGG16_vs_EfficientNetB0.png
75,glioma/Te-gl_167.jpg,EfficientNetB0,glioma,pituitary,0.74951171875,pairwise_both_wrong_different_preds_VGG16_vs_EfficientNetB0,top_conv,/kaggle/working/results/explainability/gradcam/EfficientNetB0/img75_pairwise_both_wrong_different_preds_VGG16_vs_EfficientNetB0.png
75,glioma/Te-gl_167.jpg,ResNet50,glioma,glioma,0.9892578125,pairwise_A_wrong_B_correct_VGG16_vs_ResNet50,conv5_block3_3_conv,/kaggle/working/results/explainability/gradcam/ResNet50/img75_pairwise_A_wrong_B_correct_VGG16_vs_ResNet50.png
75,glioma/Te-gl_167.jpg,VGG16,glioma,notumor,0.5263671875,pairwise_A_wrong_B_correct_VGG16_vs_ResNet50,block5_conv3,/kaggle/working/results/explainability/gradcam/VGG16/img75_pairwise_A_wrong_B_correct_VGG16_vs_ResNet50.png
75,glioma/Te-gl_167.jpg,VGG16,glioma,notumor,0.5263671875,pairwise_both_wrong_different_preds_VGG16_vs_EfficientNetB0,block5_conv3,/kaggle/working/results/explainability/gradcam/VGG16/img75_pairwise_both_wrong_different_preds_VGG16_vs_EfficientNetB0.png
79,glioma/Te-gl_170.jpg,EfficientNetB0,glioma,glioma,0.77392578125,pairwise_A_wrong_B_correct_VGG16_vs_EfficientNetB0,top_conv,/kaggle/working/results/explainability/gradcam/EfficientNetB0/img79_pairwise_A_wrong_B_correct_VGG16_vs_EfficientNetB0.png
79,glioma/Te-gl_170.jpg,ResNet50,glioma,glioma,0.59375,pairwise_A_wrong_B_correct_VGG16_vs_ResNet50,conv5_block3_3_conv,/kaggle/working/results/explainability/gradcam/ResNet50/img79_pairwise_A_wrong_B_correct_VGG16_vs_ResNet50.png
79,glioma/Te-gl_170.jpg,VGG16,glioma,meningioma,0.7802734375,model_specific_failure,block5_conv3,/kaggle/working/results/explainability/gradcam/VGG16/img79_model_specific_failure.png
79,glioma/Te-gl_170.jpg,VGG16,glioma,meningioma,0.7802734375,pairwise_A_wrong_B_correct_VGG16_vs_ResNet50,block5_conv3,/kaggle/working/results/explainability/gradcam/VGG16/img79_pairwise_A_wrong_B_correct_VGG16_vs_ResNet50.png
79,glioma/Te-gl_170.jpg,VGG16,glioma,meningioma,0.7802734375,pairwise_A_wrong_B_correct_VGG16_vs_EfficientNetB0,block5_conv3,/kaggle/working/results/explainability/gradcam/VGG16/img79_pairwise_A_wrong_B_correct_VGG16_vs_EfficientNetB0.png
84,glioma/Te-gl_175.jpg,ResNet50,glioma,glioma,0.998046875,pairwise_A_wrong_B_correct_VGG16_vs_ResNet50,conv5_block3_3_conv,/kaggle/working/results/explainability/gradcam/ResNet50/img84_pairwise_A_wrong_B_correct_VGG16_vs_ResNet50.png
84,glioma/Te-gl_175.jpg,VGG16,glioma,meningioma,0.85205078125,model_specific_failure,block5_conv3,/kaggle/working/results/explainability/gradcam/VGG16/img84_model_specific_failure.png
84,glioma/Te-gl_175.jpg,VGG16,glioma,meningioma,0.85205078125,pairwise_A_wrong_B_correct_VGG16_vs_ResNet50,block5_conv3,/kaggle/working/results/explainability/gradcam/VGG16/img84_pairwise_A_wrong_B_correct_VGG16_vs_ResNet50.png
87,glioma/Te-gl_178.jpg,VGG16,glioma,meningioma,0.7802734375,model_specific_failure,block5_conv3,/kaggle/working/results/explainability/gradcam/VGG16/img87_model_specific_failure.png
87,glioma/Te-gl_178.jpg,VGG16,glioma,meningioma,0.7802734375,glioma_meningioma_confusion,block5_conv3,/kaggle/working/results/explainability/gradcam/VGG16/img87_glioma_meningioma_confusion.png
91,glioma/Te-gl_181.jpg,EfficientNetB0,glioma,meningioma,0.63037109375,model_specific_failure,top_conv,/kaggle/working/results/explainability/gradcam/EfficientNetB0/img91_model_specific_failure.png
97,glioma/Te-gl_187.jpg,EfficientNetB0,glioma,meningioma,0.82763671875,shared_failure,top_conv,/kaggle/working/results/explainability/gradcam/EfficientNetB0/img97_shared_failure.png
97,glioma/Te-gl_187.jpg,EfficientNetB0,glioma,meningioma,0.82763671875,glioma_meningioma_confusion,top_conv,/kaggle/working/results/explainability/gradcam/EfficientNetB0/img97_glioma_meningioma_confusion.png
97,glioma/Te-gl_187.jpg,ResNet50,glioma,meningioma,0.8828125,shared_failure,conv5_block3_3_conv,/kaggle/working/results/explainability/gradcam/ResNet50/img97_shared_failure.png
97,glioma/Te-gl_187.jpg,VGG16,glioma,meningioma,0.74072265625,shared_failure,block5_conv3,/kaggle/working/results/explainability/gradcam/VGG16/img97_shared_failure.png
97,glioma/Te-gl_187.jpg,VGG16,glioma,meningioma,0.74072265625,glioma_meningioma_confusion,block5_conv3,/kaggle/working/results/explainability/gradcam/VGG16/img97_glioma_meningioma_confusion.png
99,glioma/Te-gl_189.jpg,EfficientNetB0,glioma,meningioma,0.900390625,shared_failure,top_conv,/kaggle/working/results/explainability/gradcam/EfficientNetB0/img99_shared_failure.png
99,glioma/Te-gl_189.jpg,EfficientNetB0,glioma,meningioma,0.900390625,pairwise_both_wrong_different_preds_VGG16_vs_EfficientNetB0,top_conv,/kaggle/working/results/explainability/gradcam/EfficientNetB0/img99_pairwise_both_wrong_different_preds_VGG16_vs_EfficientNetB0.png
99,glioma/Te-gl_189.jpg,EfficientNetB0,glioma,meningioma,0.900390625,pairwise_both_wrong_different_preds_ResNet50_vs_EfficientNetB0,top_conv,/kaggle/working/results/explainability/gradcam/EfficientNetB0/img99_pairwise_both_wrong_different_preds_ResNet50_vs_EfficientNetB0.png
99,glioma/Te-gl_189.jpg,ResNet50,glioma,notumor,0.630859375,shared_failure,conv5_block3_3_conv,/kaggle/working/results/explainability/gradcam/ResNet50/img99_shared_failure.png
99,glioma/Te-gl_189.jpg,ResNet50,glioma,notumor,0.630859375,pairwise_both_wrong_different_preds_ResNet50_vs_EfficientNetB0,conv5_block3_3_conv,/kaggle/working/results/explainability/gradcam/ResNet50/img99_pairwise_both_wrong_different_preds_ResNet50_vs_EfficientNetB0.png
99,glioma/Te-gl_189.jpg,VGG16,glioma,notumor,0.927734375,shared_failure,block5_conv3,/kaggle/working/results/explainability/gradcam/VGG16/img99_shared_failure.png
99,glioma/Te-gl_189.jpg,VGG16,glioma,notumor,0.927734375,pairwise_both_wrong_different_preds_VGG16_vs_EfficientNetB0,block5_conv3,/kaggle/working/results/explainability/gradcam/VGG16/img99_pairwise_both_wrong_different_preds_VGG16_vs_EfficientNetB0.png
105,glioma/Te-gl_194.jpg,EfficientNetB0,glioma,meningioma,0.595703125,model_specific_failure,top_conv,/kaggle/working/results/explainability/gradcam/EfficientNetB0/img105_model_specific_failure.png
107,glioma/Te-gl_196.jpg,ResNet50,glioma,meningioma,0.66259765625,pairwise_A_correct_B_wrong_VGG16_vs_ResNet50,conv5_block3_3_conv,/kaggle/working/results/explainability/gradcam/ResNet50/img107_pairwise_A_correct_B_wrong_VGG16_vs_ResNet50.png
107,glioma/Te-gl_196.jpg,VGG16,glioma,glioma,0.88671875,pairwise_A_correct_B_wrong_VGG16_vs_ResNet50,block5_conv3,/kaggle/working/results/explainability/gradcam/VGG16/img107_pairwise_A_correct_B_wrong_VGG16_vs_ResNet50.png
110,glioma/Te-gl_199.jpg,EfficientNetB0,glioma,pituitary,0.625,pairwise_A_correct_B_wrong_VGG16_vs_EfficientNetB0,top_conv,/kaggle/working/results/explainability/gradcam/EfficientNetB0/img110_pairwise_A_correct_B_wrong_VGG16_vs_EfficientNetB0.png
110,glioma/Te-gl_199.jpg,VGG16,glioma,glioma,0.476318359375,pairwise_A_correct_B_wrong_VGG16_vs_EfficientNetB0,block5_conv3,/kaggle/working/results/explainability/gradcam/VGG16/img110_pairwise_A_correct_B_wrong_VGG16_vs_EfficientNetB0.png
125,glioma/Te-gl_211.jpg,VGG16,glioma,meningioma,0.9716796875,glioma_meningioma_confusion,block5_conv3,/kaggle/working/results/explainability/gradcam/VGG16/img125_glioma_meningioma_confusion.png
126,glioma/Te-gl_212.jpg,EfficientNetB0,glioma,meningioma,0.97998046875,shared_failure,top_conv,/kaggle/working/results/explainability/gradcam/EfficientNetB0/img126_shared_failure.png
126,glioma/Te-gl_212.jpg,ResNet50,glioma,meningioma,0.9951171875,shared_failure,conv5_block3_3_conv,/kaggle/working/results/explainability/gradcam/ResNet50/img126_shared_failure.png
126,glioma/Te-gl_212.jpg,VGG16,glioma,meningioma,0.931640625,shared_failure,block5_conv3,/kaggle/working/results/explainability/gradcam/VGG16/img126_shared_failure.png
127,glioma/Te-gl_213.jpg,EfficientNetB0,glioma,meningioma,0.490966796875,pairwise_both_wrong_different_preds_VGG16_vs_EfficientNetB0,top_conv,/kaggle/working/results/explainability/gradcam/EfficientNetB0/img127_pairwise_both_wrong_different_preds_VGG16_vs_EfficientNetB0.png
127,glioma/Te-gl_213.jpg,ResNet50,glioma,meningioma,0.7529296875,pairwise_both_wrong_different_preds_VGG16_vs_ResNet50,conv5_block3_3_conv,/kaggle/working/results/explainability/gradcam/ResNet50/img127_pairwise_both_wrong_different_preds_VGG16_vs_ResNet50.png
127,glioma/Te-gl_213.jpg,ResNet50,glioma,meningioma,0.7529296875,glioma_meningioma_confusion,conv5_block3_3_conv,/kaggle/working/results/explainability/gradcam/ResNet50/img127_glioma_meningioma_confusion.png
127,glioma/Te-gl_213.jpg,VGG16,glioma,pituitary,0.40576171875,pairwise_both_wrong_different_preds_VGG16_vs_ResNet50,block5_conv3,/kaggle/working/results/explainability/gradcam/VGG16/img127_pairwise_both_wrong_different_preds_VGG16_vs_ResNet50.png
127,glioma/Te-gl_213.jpg,VGG16,glioma,pituitary,0.40576171875,pairwise_both_wrong_different_preds_VGG16_vs_EfficientNetB0,block5_conv3,/kaggle/working/results/explainability/gradcam/VGG16/img127_pairwise_both_wrong_different_preds_VGG16_vs_EfficientNetB0.png
129,glioma/Te-gl_215.jpg,EfficientNetB0,glioma,glioma,0.89892578125,pairwise_A_wrong_B_correct_VGG16_vs_EfficientNetB0,top_conv,/kaggle/working/results/explainability/gradcam/EfficientNetB0/img129_pairwise_A_wrong_B_correct_VGG16_vs_EfficientNetB0.png
129,glioma/Te-gl_215.jpg,ResNet50,glioma,glioma,0.900390625,pairwise_A_wrong_B_correct_VGG16_vs_ResNet50,conv5_block3_3_conv,/kaggle/working/results/explainability/gradcam/ResNet50/img129_pairwise_A_wrong_B_correct_VGG16_vs_ResNet50.png
129,glioma/Te-gl_215.jpg,VGG16,glioma,meningioma,0.474853515625,model_specific_failure,block5_conv3,/kaggle/working/results/explainability/gradcam/VGG16/img129_model_specific_failure.png
129,glioma/Te-gl_215.jpg,VGG16,glioma,meningioma,0.474853515625,pairwise_A_wrong_B_correct_VGG16_vs_ResNet50,block5_conv3,/kaggle/working/results/explainability/gradcam/VGG16/img129_pairwise_A_wrong_B_correct_VGG16_vs_ResNet50.png
129,glioma/Te-gl_215.jpg,VGG16,glioma,meningioma,0.474853515625,pairwise_A_wrong_B_correct_VGG16_vs_EfficientNetB0,block5_conv3,/kaggle/working/results/explainability/gradcam/VGG16/img129_pairwise_A_wrong_B_correct_VGG16_vs_EfficientNetB0.png
143,glioma/Te-gl_228.jpg,ResNet50,glioma,meningioma,1.0,glioma_meningioma_confusion,conv5_block3_3_conv,/kaggle/working/results/explainability/gradcam/ResNet50/img143_glioma_meningioma_confusion.png
144,glioma/Te-gl_229.jpg,EfficientNetB0,glioma,glioma,0.83642578125,pairwise_A_wrong_B_correct_VGG16_vs_EfficientNetB0,top_conv,/kaggle/working/results/explainability/gradcam/EfficientNetB0/img144_pairwise_A_wrong_B_correct_VGG16_vs_EfficientNetB0.png
144,glioma/Te-gl_229.jpg,ResNet50,glioma,glioma,0.75341796875,pairwise_A_wrong_B_correct_VGG16_vs_ResNet50,conv5_block3_3_conv,/kaggle/working/results/explainability/gradcam/ResNet50/img144_pairwise_A_wrong_B_correct_VGG16_vs_ResNet50.png
144,glioma/Te-gl_229.jpg,VGG16,glioma,meningioma,0.97802734375,pairwise_A_wrong_B_correct_VGG16_vs_ResNet50,block5_conv3,/kaggle/working/results/explainability/gradcam/VGG16/img144_pairwise_A_wrong_B_correct_VGG16_vs_ResNet50.png
144,glioma/Te-gl_229.jpg,VGG16,glioma,meningioma,0.97802734375,pairwise_A_wrong_B_correct_VGG16_vs_EfficientNetB0,block5_conv3,/kaggle/working/results/explainability/gradcam/VGG16/img144_pairwise_A_wrong_B_correct_VGG16_vs_EfficientNetB0.png
145,glioma/Te-gl_23.jpg,ResNet50,glioma,glioma,0.9951171875,pairwise_A_wrong_B_correct_VGG16_vs_ResNet50,conv5_block3_3_conv,/kaggle/working/results/explainability/gradcam/ResNet50/img145_pairwise_A_wrong_B_correct_VGG16_vs_ResNet50.png
145,glioma/Te-gl_23.jpg,VGG16,glioma,meningioma,0.990234375,pairwise_A_wrong_B_correct_VGG16_vs_ResNet50,block5_conv3,/kaggle/working/results/explainability/gradcam/VGG16/img145_pairwise_A_wrong_B_correct_VGG16_vs_ResNet50.png
164,glioma/Te-gl_247.jpg,EfficientNetB0,glioma,meningioma,0.9052734375,pairwise_A_correct_B_wrong_ResNet50_vs_EfficientNetB0,top_conv,/kaggle/working/results/explainability/gradcam/EfficientNetB0/img164_pairwise_A_correct_B_wrong_ResNet50_vs_EfficientNetB0.png
164,glioma/Te-gl_247.jpg,EfficientNetB0,glioma,meningioma,0.9052734375,glioma_meningioma_confusion,top_conv,/kaggle/working/results/explainability/gradcam/EfficientNetB0/img164_glioma_meningioma_confusion.png
164,glioma/Te-gl_247.jpg,ResNet50,glioma,glioma,0.95263671875,pairwise_A_correct_B_wrong_ResNet50_vs_EfficientNetB0,conv5_block3_3_conv,/kaggle/working/results/explainability/gradcam/ResNet50/img164_pairwise_A_correct_B_wrong_ResNet50_vs_EfficientNetB0.png
167,glioma/Te-gl_25.jpg,EfficientNetB0,glioma,meningioma,0.72021484375,pairwise_A_correct_B_wrong_VGG16_vs_EfficientNetB0,top_conv,/kaggle/working/results/explainability/gradcam/EfficientNetB0/img167_pairwise_A_correct_B_wrong_VGG16_vs_EfficientNetB0.png
167,glioma/Te-gl_25.jpg,EfficientNetB0,glioma,meningioma,0.72021484375,pairwise_A_correct_B_wrong_ResNet50_vs_EfficientNetB0,top_conv,/kaggle/working/results/explainability/gradcam/EfficientNetB0/img167_pairwise_A_correct_B_wrong_ResNet50_vs_EfficientNetB0.png
167,glioma/Te-gl_25.jpg,ResNet50,glioma,glioma,0.9873046875,pairwise_A_correct_B_wrong_ResNet50_vs_EfficientNetB0,conv5_block3_3_conv,/kaggle/working/results/explainability/gradcam/ResNet50/img167_pairwise_A_correct_B_wrong_ResNet50_vs_EfficientNetB0.png
167,glioma/Te-gl_25.jpg,VGG16,glioma,glioma,0.91748046875,pairwise_A_correct_B_wrong_VGG16_vs_EfficientNetB0,block5_conv3,/kaggle/working/results/explainability/gradcam/VGG16/img167_pairwise_A_correct_B_wrong_VGG16_vs_EfficientNetB0.png
182,glioma/Te-gl_263.jpg,EfficientNetB0,glioma,meningioma,0.888671875,pairwise_A_correct_B_wrong_VGG16_vs_EfficientNetB0,top_conv,/kaggle/working/results/explainability/gradcam/EfficientNetB0/img182_pairwise_A_correct_B_wrong_VGG16_vs_EfficientNetB0.png
182,glioma/Te-gl_263.jpg,ResNet50,glioma,meningioma,0.671875,glioma_meningioma_confusion,conv5_block3_3_conv,/kaggle/working/results/explainability/gradcam/ResNet50/img182_glioma_meningioma_confusion.png
182,glioma/Te-gl_263.jpg,VGG16,glioma,glioma,0.66845703125,pairwise_A_correct_B_wrong_VGG16_vs_EfficientNetB0,block5_conv3,/kaggle/working/results/explainability/gradcam/VGG16/img182_pairwise_A_correct_B_wrong_VGG16_vs_EfficientNetB0.png
183,glioma/Te-gl_264.jpg,EfficientNetB0,glioma,notumor,0.87890625,pairwise_both_wrong_different_preds_ResNet50_vs_EfficientNetB0,top_conv,/kaggle/working/results/explainability/gradcam/EfficientNetB0/img183_pairwise_both_wrong_different_preds_ResNet50_vs_EfficientNetB0.png
183,glioma/Te-gl_264.jpg,ResNet50,glioma,meningioma,1.0,pairwise_both_wrong_different_preds_ResNet50_vs_EfficientNetB0,conv5_block3_3_conv,/kaggle/working/results/explainability/gradcam/ResNet50/img183_pairwise_both_wrong_different_preds_ResNet50_vs_EfficientNetB0.png
189,glioma/Te-gl_27.jpg,EfficientNetB0,glioma,meningioma,0.5390625,glioma_meningioma_confusion,top_conv,/kaggle/working/results/explainability/gradcam/EfficientNetB0/img189_glioma_meningioma_confusion.png
197,glioma/Te-gl_277.jpg,EfficientNetB0,glioma,notumor,0.8154296875,pairwise_both_wrong_different_preds_VGG16_vs_EfficientNetB0,top_conv,/kaggle/working/results/explainability/gradcam/EfficientNetB0/img197_pairwise_both_wrong_different_preds_VGG16_vs_EfficientNetB0.png
197,glioma/Te-gl_277.jpg,VGG16,glioma,meningioma,0.6083984375,pairwise_both_wrong_different_preds_VGG16_vs_EfficientNetB0,block5_conv3,/kaggle/working/results/explainability/gradcam/VGG16/img197_pairwise_both_wrong_different_preds_VGG16_vs_EfficientNetB0.png
198,glioma/Te-gl_278.jpg,EfficientNetB0,glioma,glioma,0.97412109375,pairwise_A_wrong_B_correct_ResNet50_vs_EfficientNetB0,top_conv,/kaggle/working/results/explainability/gradcam/EfficientNetB0/img198_pairwise_A_wrong_B_correct_ResNet50_vs_EfficientNetB0.png
198,glioma/Te-gl_278.jpg,ResNet50,glioma,notumor,0.7421875,pairwise_A_wrong_B_correct_ResNet50_vs_EfficientNetB0,conv5_block3_3_conv,/kaggle/working/results/explainability/gradcam/ResNet50/img198_pairwise_A_wrong_B_correct_ResNet50_vs_EfficientNetB0.png
209,glioma/Te-gl_288.jpg,EfficientNetB0,glioma,glioma,0.97705078125,pairwise_A_wrong_B_correct_VGG16_vs_EfficientNetB0,top_conv,/kaggle/working/results/explainability/gradcam/EfficientNetB0/img209_pairwise_A_wrong_B_correct_VGG16_vs_EfficientNetB0.png
209,glioma/Te-gl_288.jpg,VGG16,glioma,meningioma,0.66650390625,pairwise_A_wrong_B_correct_VGG16_vs_EfficientNetB0,block5_conv3,/kaggle/working/results/explainability/gradcam/VGG16/img209_pairwise_A_wrong_B_correct_VGG16_vs_EfficientNetB0.png
212,glioma/Te-gl_290.jpg,EfficientNetB0,glioma,glioma,0.7939453125,pairwise_A_wrong_B_correct_VGG16_vs_EfficientNetB0,top_conv,/kaggle/working/results/explainability/gradcam/EfficientNetB0/img212_pairwise_A_wrong_B_correct_VGG16_vs_EfficientNetB0.png
212,glioma/Te-gl_290.jpg,VGG16,glioma,meningioma,0.50439453125,pairwise_A_wrong_B_correct_VGG16_vs_EfficientNetB0,block5_conv3,/kaggle/working/results/explainability/gradcam/VGG16/img212_pairwise_A_wrong_B_correct_VGG16_vs_EfficientNetB0.png
217,glioma/Te-gl_295.jpg,EfficientNetB0,glioma,meningioma,0.7080078125,shared_failure,top_conv,/kaggle/working/results/explainability/gradcam/EfficientNetB0/img217_shared_failure.png
217,glioma/Te-gl_295.jpg,EfficientNetB0,glioma,meningioma,0.7080078125,pairwise_both_wrong_different_preds_ResNet50_vs_EfficientNetB0,top_conv,/kaggle/working/results/explainability/gradcam/EfficientNetB0/img217_pairwise_both_wrong_different_preds_ResNet50_vs_EfficientNetB0.png
217,glioma/Te-gl_295.jpg,EfficientNetB0,glioma,meningioma,0.7080078125,glioma_meningioma_confusion,top_conv,/kaggle/working/results/explainability/gradcam/EfficientNetB0/img217_glioma_meningioma_confusion.png
217,glioma/Te-gl_295.jpg,ResNet50,glioma,notumor,0.51904296875,shared_failure,conv5_block3_3_conv,/kaggle/working/results/explainability/gradcam/ResNet50/img217_shared_failure.png
217,glioma/Te-gl_295.jpg,ResNet50,glioma,notumor,0.51904296875,pairwise_both_wrong_different_preds_ResNet50_vs_EfficientNetB0,conv5_block3_3_conv,/kaggle/working/results/explainability/gradcam/ResNet50/img217_pairwise_both_wrong_different_preds_ResNet50_vs_EfficientNetB0.png
217,glioma/Te-gl_295.jpg,VGG16,glioma,meningioma,0.76171875,shared_failure,block5_conv3,/kaggle/working/results/explainability/gradcam/VGG16/img217_shared_failure.png
223,glioma/Te-gl_30.jpg,EfficientNetB0,glioma,meningioma,0.6337890625,model_specific_failure,top_conv,/kaggle/working/results/explainability/gradcam/EfficientNetB0/img223_model_specific_failure.png
223,glioma/Te-gl_30.jpg,EfficientNetB0,glioma,meningioma,0.6337890625,pairwise_A_correct_B_wrong_VGG16_vs_EfficientNetB0,top_conv,/kaggle/working/results/explainability/gradcam/EfficientNetB0/img223_pairwise_A_correct_B_wrong_VGG16_vs_EfficientNetB0.png
223,glioma/Te-gl_30.jpg,EfficientNetB0,glioma,meningioma,0.6337890625,pairwise_A_correct_B_wrong_ResNet50_vs_EfficientNetB0,top_conv,/kaggle/working/results/explainability/gradcam/EfficientNetB0/img223_pairwise_A_correct_B_wrong_ResNet50_vs_EfficientNetB0.png
223,glioma/Te-gl_30.jpg,ResNet50,glioma,glioma,0.9951171875,pairwise_A_correct_B_wrong_ResNet50_vs_EfficientNetB0,conv5_block3_3_conv,/kaggle/working/results/explainability/gradcam/ResNet50/img223_pairwise_A_correct_B_wrong_ResNet50_vs_EfficientNetB0.png
223,glioma/Te-gl_30.jpg,VGG16,glioma,glioma,0.994140625,pairwise_A_correct_B_wrong_VGG16_vs_EfficientNetB0,block5_conv3,/kaggle/working/results/explainability/gradcam/VGG16/img223_pairwise_A_correct_B_wrong_VGG16_vs_EfficientNetB0.png
227,glioma/Te-gl_303.jpg,ResNet50,glioma,meningioma,0.9892578125,pairwise_both_wrong_different_preds_VGG16_vs_ResNet50,conv5_block3_3_conv,/kaggle/working/results/explainability/gradcam/ResNet50/img227_pairwise_both_wrong_different_preds_VGG16_vs_ResNet50.png
227,glioma/Te-gl_303.jpg,VGG16,glioma,notumor,0.970703125,pairwise_both_wrong_different_preds_VGG16_vs_ResNet50,block5_conv3,/kaggle/working/results/explainability/gradcam/VGG16/img227_pairwise_both_wrong_different_preds_VGG16_vs_ResNet50.png
232,glioma/Te-gl_308.jpg,EfficientNetB0,glioma,meningioma,0.6064453125,model_specific_failure,top_conv,/kaggle/working/results/explainability/gradcam/EfficientNetB0/img232_model_specific_failure.png
238,glioma/Te-gl_313.jpg,EfficientNetB0,glioma,notumor,0.86767578125,shared_failure,top_conv,/kaggle/working/results/explainability/gradcam/EfficientNetB0/img238_shared_failure.png
238,glioma/Te-gl_313.jpg,EfficientNetB0,glioma,notumor,0.86767578125,pairwise_both_wrong_different_preds_VGG16_vs_EfficientNetB0,top_conv,/kaggle/working/results/explainability/gradcam/EfficientNetB0/img238_pairwise_both_wrong_different_preds_VGG16_vs_EfficientNetB0.png
238,glioma/Te-gl_313.jpg,ResNet50,glioma,meningioma,0.8115234375,shared_failure,conv5_block3_3_conv,/kaggle/working/results/explainability/gradcam/ResNet50/img238_shared_failure.png
238,glioma/Te-gl_313.jpg,VGG16,glioma,meningioma,0.55810546875,shared_failure,block5_conv3,/kaggle/working/results/explainability/gradcam/VGG16/img238_shared_failure.png
238,glioma/Te-gl_313.jpg,VGG16,glioma,meningioma,0.55810546875,pairwise_both_wrong_different_preds_VGG16_vs_EfficientNetB0,block5_conv3,/kaggle/working/results/explainability/gradcam/VGG16/img238_pairwise_both_wrong_different_preds_VGG16_vs_EfficientNetB0.png
262,glioma/Te-gl_335.jpg,EfficientNetB0,glioma,notumor,0.55126953125,shared_failure,top_conv,/kaggle/working/results/explainability/gradcam/EfficientNetB0/img262_shared_failure.png
262,glioma/Te-gl_335.jpg,EfficientNetB0,glioma,notumor,0.55126953125,pairwise_both_wrong_different_preds_VGG16_vs_EfficientNetB0,top_conv,/kaggle/working/results/explainability/gradcam/EfficientNetB0/img262_pairwise_both_wrong_different_preds_VGG16_vs_EfficientNetB0.png
262,glioma/Te-gl_335.jpg,ResNet50,glioma,meningioma,0.9990234375,shared_failure,conv5_block3_3_conv,/kaggle/working/results/explainability/gradcam/ResNet50/img262_shared_failure.png
262,glioma/Te-gl_335.jpg,VGG16,glioma,meningioma,1.0,shared_failure,block5_conv3,/kaggle/working/results/explainability/gradcam/VGG16/img262_shared_failure.png
262,glioma/Te-gl_335.jpg,VGG16,glioma,meningioma,1.0,pairwise_both_wrong_different_preds_VGG16_vs_EfficientNetB0,block5_conv3,/kaggle/working/results/explainability/gradcam/VGG16/img262_pairwise_both_wrong_different_preds_VGG16_vs_EfficientNetB0.png
263,glioma/Te-gl_336.jpg,EfficientNetB0,glioma,meningioma,0.76513671875,model_specific_failure,top_conv,/kaggle/working/results/explainability/gradcam/EfficientNetB0/img263_model_specific_failure.png
280,glioma/Te-gl_351.jpg,EfficientNetB0,glioma,meningioma,0.76318359375,pairwise_both_wrong_different_preds_VGG16_vs_EfficientNetB0,top_conv,/kaggle/working/results/explainability/gradcam/EfficientNetB0/img280_pairwise_both_wrong_different_preds_VGG16_vs_EfficientNetB0.png
280,glioma/Te-gl_351.jpg,EfficientNetB0,glioma,meningioma,0.76318359375,pairwise_both_wrong_different_preds_ResNet50_vs_EfficientNetB0,top_conv,/kaggle/working/results/explainability/gradcam/EfficientNetB0/img280_pairwise_both_wrong_different_preds_ResNet50_vs_EfficientNetB0.png
280,glioma/Te-gl_351.jpg,ResNet50,glioma,notumor,0.87353515625,pairwise_both_wrong_different_preds_ResNet50_vs_EfficientNetB0,conv5_block3_3_conv,/kaggle/working/results/explainability/gradcam/ResNet50/img280_pairwise_both_wrong_different_preds_ResNet50_vs_EfficientNetB0.png
280,glioma/Te-gl_351.jpg,VGG16,glioma,pituitary,0.5126953125,pairwise_both_wrong_different_preds_VGG16_vs_EfficientNetB0,block5_conv3,/kaggle/working/results/explainability/gradcam/VGG16/img280_pairwise_both_wrong_different_preds_VGG16_vs_EfficientNetB0.png
327,glioma/Te-gl_394.jpg,VGG16,glioma,pituitary,0.64208984375,model_specific_failure,block5_conv3,/kaggle/working/results/explainability/gradcam/VGG16/img327_model_specific_failure.png
338,glioma/Te-gl_43.jpg,ResNet50,glioma,notumor,0.728515625,pairwise_both_wrong_different_preds_VGG16_vs_ResNet50,conv5_block3_3_conv,/kaggle/working/results/explainability/gradcam/ResNet50/img338_pairwise_both_wrong_different_preds_VGG16_vs_ResNet50.png
338,glioma/Te-gl_43.jpg,VGG16,glioma,meningioma,0.54443359375,pairwise_both_wrong_different_preds_VGG16_vs_ResNet50,block5_conv3,/kaggle/working/results/explainability/gradcam/VGG16/img338_pairwise_both_wrong_different_preds_VGG16_vs_ResNet50.png
338,glioma/Te-gl_43.jpg,VGG16,glioma,meningioma,0.54443359375,glioma_meningioma_confusion,block5_conv3,/kaggle/working/results/explainability/gradcam/VGG16/img338_glioma_meningioma_confusion.png
347,glioma/Te-gl_51.jpg,ResNet50,glioma,meningioma,0.8359375,model_specific_failure,conv5_block3_3_conv,/kaggle/working/results/explainability/gradcam/ResNet50/img347_model_specific_failure.png
347,glioma/Te-gl_51.jpg,ResNet50,glioma,meningioma,0.8359375,pairwise_A_correct_B_wrong_VGG16_vs_ResNet50,conv5_block3_3_conv,/kaggle/working/results/explainability/gradcam/ResNet50/img347_pairwise_A_correct_B_wrong_VGG16_vs_ResNet50.png
347,glioma/Te-gl_51.jpg,VGG16,glioma,glioma,0.7060546875,pairwise_A_correct_B_wrong_VGG16_vs_ResNet50,block5_conv3,/kaggle/working/results/explainability/gradcam/VGG16/img347_pairwise_A_correct_B_wrong_VGG16_vs_ResNet50.png
352,glioma/Te-gl_56.jpg,VGG16,glioma,meningioma,0.68701171875,glioma_meningioma_confusion,block5_conv3,/kaggle/working/results/explainability/gradcam/VGG16/img352_glioma_meningioma_confusion.png
355,glioma/Te-gl_59.jpg,EfficientNetB0,glioma,notumor,0.88037109375,pairwise_A_correct_B_wrong_ResNet50_vs_EfficientNetB0,top_conv,/kaggle/working/results/explainability/gradcam/EfficientNetB0/img355_pairwise_A_correct_B_wrong_ResNet50_vs_EfficientNetB0.png
355,glioma/Te-gl_59.jpg,ResNet50,glioma,glioma,0.56591796875,pairwise_A_correct_B_wrong_ResNet50_vs_EfficientNetB0,conv5_block3_3_conv,/kaggle/working/results/explainability/gradcam/ResNet50/img355_pairwise_A_correct_B_wrong_ResNet50_vs_EfficientNetB0.png
359,glioma/Te-gl_62.jpg,ResNet50,glioma,meningioma,0.833984375,pairwise_both_wrong_different_preds_VGG16_vs_ResNet50,conv5_block3_3_conv,/kaggle/working/results/explainability/gradcam/ResNet50/img359_pairwise_both_wrong_different_preds_VGG16_vs_ResNet50.png
359,glioma/Te-gl_62.jpg,VGG16,glioma,notumor,0.98828125,pairwise_both_wrong_different_preds_VGG16_vs_ResNet50,block5_conv3,/kaggle/working/results/explainability/gradcam/VGG16/img359_pairwise_both_wrong_different_preds_VGG16_vs_ResNet50.png
374,glioma/Te-gl_76.jpg,EfficientNetB0,glioma,meningioma,0.53662109375,shared_failure,top_conv,/kaggle/working/results/explainability/gradcam/EfficientNetB0/img374_shared_failure.png
374,glioma/Te-gl_76.jpg,ResNet50,glioma,meningioma,0.7744140625,shared_failure,conv5_block3_3_conv,/kaggle/working/results/explainability/gradcam/ResNet50/img374_shared_failure.png
374,glioma/Te-gl_76.jpg,VGG16,glioma,meningioma,1.0,shared_failure,block5_conv3,/kaggle/working/results/explainability/gradcam/VGG16/img374_shared_failure.png
374,glioma/Te-gl_76.jpg,VGG16,glioma,meningioma,1.0,glioma_meningioma_confusion,block5_conv3,/kaggle/working/results/explainability/gradcam/VGG16/img374_glioma_meningioma_confusion.png
376,glioma/Te-gl_78.jpg,ResNet50,glioma,meningioma,0.97705078125,pairwise_both_wrong_different_preds_VGG16_vs_ResNet50,conv5_block3_3_conv,/kaggle/working/results/explainability/gradcam/ResNet50/img376_pairwise_both_wrong_different_preds_VGG16_vs_ResNet50.png
376,glioma/Te-gl_78.jpg,VGG16,glioma,notumor,1.0,pairwise_both_wrong_different_preds_VGG16_vs_ResNet50,block5_conv3,/kaggle/working/results/explainability/gradcam/VGG16/img376_pairwise_both_wrong_different_preds_VGG16_vs_ResNet50.png
381,glioma/Te-gl_82.jpg,EfficientNetB0,glioma,glioma,0.481689453125,pairwise_A_wrong_B_correct_ResNet50_vs_EfficientNetB0,top_conv,/kaggle/working/results/explainability/gradcam/EfficientNetB0/img381_pairwise_A_wrong_B_correct_ResNet50_vs_EfficientNetB0.png
381,glioma/Te-gl_82.jpg,ResNet50,glioma,meningioma,0.564453125,model_specific_failure,conv5_block3_3_conv,/kaggle/working/results/explainability/gradcam/ResNet50/img381_model_specific_failure.png
381,glioma/Te-gl_82.jpg,ResNet50,glioma,meningioma,0.564453125,pairwise_A_correct_B_wrong_VGG16_vs_ResNet50,conv5_block3_3_conv,/kaggle/working/results/explainability/gradcam/ResNet50/img381_pairwise_A_correct_B_wrong_VGG16_vs_ResNet50.png
381,glioma/Te-gl_82.jpg,ResNet50,glioma,meningioma,0.564453125,pairwise_A_wrong_B_correct_ResNet50_vs_EfficientNetB0,conv5_block3_3_conv,/kaggle/working/results/explainability/gradcam/ResNet50/img381_pairwise_A_wrong_B_correct_ResNet50_vs_EfficientNetB0.png
381,glioma/Te-gl_82.jpg,ResNet50,glioma,meningioma,0.564453125,glioma_meningioma_confusion,conv5_block3_3_conv,/kaggle/working/results/explainability/gradcam/ResNet50/img381_glioma_meningioma_confusion.png
381,glioma/Te-gl_82.jpg,VGG16,glioma,glioma,0.62255859375,pairwise_A_correct_B_wrong_VGG16_vs_ResNet50,block5_conv3,/kaggle/working/results/explainability/gradcam/VGG16/img381_pairwise_A_correct_B_wrong_VGG16_vs_ResNet50.png
383,glioma/Te-gl_84.jpg,EfficientNetB0,glioma,meningioma,0.90869140625,pairwise_A_correct_B_wrong_VGG16_vs_EfficientNetB0,top_conv,/kaggle/working/results/explainability/gradcam/EfficientNetB0/img383_pairwise_A_correct_B_wrong_VGG16_vs_EfficientNetB0.png
383,glioma/Te-gl_84.jpg,VGG16,glioma,glioma,0.98828125,pairwise_A_correct_B_wrong_VGG16_vs_EfficientNetB0,block5_conv3,/kaggle/working/results/explainability/gradcam/VGG16/img383_pairwise_A_correct_B_wrong_VGG16_vs_EfficientNetB0.png
394,glioma/Te-gl_94.jpg,VGG16,glioma,pituitary,0.95947265625,model_specific_failure,block5_conv3,/kaggle/working/results/explainability/gradcam/VGG16/img394_model_specific_failure.png
404,meningioma/Te-aug-me_102.jpg,EfficientNetB0,meningioma,meningioma,0.609375,pairwise_A_wrong_B_correct_ResNet50_vs_EfficientNetB0,top_conv,/kaggle/working/results/explainability/gradcam/EfficientNetB0/img404_pairwise_A_wrong_B_correct_ResNet50_vs_EfficientNetB0.png
404,meningioma/Te-aug-me_102.jpg,ResNet50,meningioma,pituitary,0.9892578125,pairwise_A_wrong_B_correct_ResNet50_vs_EfficientNetB0,conv5_block3_3_conv,/kaggle/working/results/explainability/gradcam/ResNet50/img404_pairwise_A_wrong_B_correct_ResNet50_vs_EfficientNetB0.png
416,meningioma/Te-aug-me_20.jpg,ResNet50,meningioma,glioma,0.61083984375,glioma_meningioma_confusion,conv5_block3_3_conv,/kaggle/working/results/explainability/gradcam/ResNet50/img416_glioma_meningioma_confusion.png
446,meningioma/Te-aug-me_48.jpg,EfficientNetB0,meningioma,meningioma,0.537109375,pairwise_A_wrong_B_correct_VGG16_vs_EfficientNetB0,top_conv,/kaggle/working/results/explainability/gradcam/EfficientNetB0/img446_pairwise_A_wrong_B_correct_VGG16_vs_EfficientNetB0.png
446,meningioma/Te-aug-me_48.jpg,VGG16,meningioma,pituitary,0.73046875,model_specific_failure,block5_conv3,/kaggle/working/results/explainability/gradcam/VGG16/img446_model_specific_failure.png
446,meningioma/Te-aug-me_48.jpg,VGG16,meningioma,pituitary,0.73046875,pairwise_A_wrong_B_correct_VGG16_vs_EfficientNetB0,block5_conv3,/kaggle/working/results/explainability/gradcam/VGG16/img446_pairwise_A_wrong_B_correct_VGG16_vs_EfficientNetB0.png
455,meningioma/Te-aug-me_56.jpg,EfficientNetB0,meningioma,glioma,0.6962890625,pairwise_A_correct_B_wrong_ResNet50_vs_EfficientNetB0,top_conv,/kaggle/working/results/explainability/gradcam/EfficientNetB0/img455_pairwise_A_correct_B_wrong_ResNet50_vs_EfficientNetB0.png
455,meningioma/Te-aug-me_56.jpg,ResNet50,meningioma,meningioma,0.85693359375,pairwise_A_correct_B_wrong_ResNet50_vs_EfficientNetB0,conv5_block3_3_conv,/kaggle/working/results/explainability/gradcam/ResNet50/img455_pairwise_A_correct_B_wrong_ResNet50_vs_EfficientNetB0.png
459,meningioma/Te-aug-me_6.jpg,ResNet50,meningioma,glioma,0.73291015625,model_specific_failure,conv5_block3_3_conv,/kaggle/working/results/explainability/gradcam/ResNet50/img459_model_specific_failure.png
492,meningioma/Te-aug-me_9.jpg,EfficientNetB0,meningioma,pituitary,0.94287109375,pairwise_A_correct_B_wrong_VGG16_vs_EfficientNetB0,top_conv,/kaggle/working/results/explainability/gradcam/EfficientNetB0/img492_pairwise_A_correct_B_wrong_VGG16_vs_EfficientNetB0.png
492,meningioma/Te-aug-me_9.jpg,VGG16,meningioma,meningioma,0.994140625,pairwise_A_correct_B_wrong_VGG16_vs_EfficientNetB0,block5_conv3,/kaggle/working/results/explainability/gradcam/VGG16/img492_pairwise_A_correct_B_wrong_VGG16_vs_EfficientNetB0.png
494,meningioma/Te-aug-me_91.jpg,ResNet50,meningioma,pituitary,0.88134765625,model_specific_failure,conv5_block3_3_conv,/kaggle/working/results/explainability/gradcam/ResNet50/img494_model_specific_failure.png
494,meningioma/Te-aug-me_91.jpg,ResNet50,meningioma,pituitary,0.88134765625,pairwise_A_correct_B_wrong_VGG16_vs_ResNet50,conv5_block3_3_conv,/kaggle/working/results/explainability/gradcam/ResNet50/img494_pairwise_A_correct_B_wrong_VGG16_vs_ResNet50.png
494,meningioma/Te-aug-me_91.jpg,VGG16,meningioma,meningioma,0.68212890625,pairwise_A_correct_B_wrong_VGG16_vs_ResNet50,block5_conv3,/kaggle/working/results/explainability/gradcam/VGG16/img494_pairwise_A_correct_B_wrong_VGG16_vs_ResNet50.png
495,meningioma/Te-aug-me_92.jpg,EfficientNetB0,meningioma,glioma,0.94970703125,glioma_meningioma_confusion,top_conv,/kaggle/working/results/explainability/gradcam/EfficientNetB0/img495_glioma_meningioma_confusion.png
495,meningioma/Te-aug-me_92.jpg,ResNet50,meningioma,pituitary,0.6630859375,pairwise_A_correct_B_wrong_VGG16_vs_ResNet50,conv5_block3_3_conv,/kaggle/working/results/explainability/gradcam/ResNet50/img495_pairwise_A_correct_B_wrong_VGG16_vs_ResNet50.png
495,meningioma/Te-aug-me_92.jpg,VGG16,meningioma,meningioma,0.69775390625,pairwise_A_correct_B_wrong_VGG16_vs_ResNet50,block5_conv3,/kaggle/working/results/explainability/gradcam/VGG16/img495_pairwise_A_correct_B_wrong_VGG16_vs_ResNet50.png
525,meningioma/Te-me_119.jpg,EfficientNetB0,meningioma,glioma,0.63525390625,pairwise_A_correct_B_wrong_VGG16_vs_EfficientNetB0,top_conv,/kaggle/working/results/explainability/gradcam/EfficientNetB0/img525_pairwise_A_correct_B_wrong_VGG16_vs_EfficientNetB0.png
525,meningioma/Te-me_119.jpg,VGG16,meningioma,meningioma,0.984375,pairwise_A_correct_B_wrong_VGG16_vs_EfficientNetB0,block5_conv3,/kaggle/working/results/explainability/gradcam/VGG16/img525_pairwise_A_correct_B_wrong_VGG16_vs_EfficientNetB0.png
527,meningioma/Te-me_120.jpg,EfficientNetB0,meningioma,glioma,0.8154296875,pairwise_A_correct_B_wrong_ResNet50_vs_EfficientNetB0,top_conv,/kaggle/working/results/explainability/gradcam/EfficientNetB0/img527_pairwise_A_correct_B_wrong_ResNet50_vs_EfficientNetB0.png
527,meningioma/Te-me_120.jpg,ResNet50,meningioma,meningioma,0.99609375,pairwise_A_correct_B_wrong_ResNet50_vs_EfficientNetB0,conv5_block3_3_conv,/kaggle/working/results/explainability/gradcam/ResNet50/img527_pairwise_A_correct_B_wrong_ResNet50_vs_EfficientNetB0.png
535,meningioma/Te-me_128.jpg,EfficientNetB0,meningioma,meningioma,0.744140625,pairwise_A_wrong_B_correct_ResNet50_vs_EfficientNetB0,top_conv,/kaggle/working/results/explainability/gradcam/EfficientNetB0/img535_pairwise_A_wrong_B_correct_ResNet50_vs_EfficientNetB0.png
535,meningioma/Te-me_128.jpg,ResNet50,meningioma,pituitary,0.6015625,pairwise_A_correct_B_wrong_VGG16_vs_ResNet50,conv5_block3_3_conv,/kaggle/working/results/explainability/gradcam/ResNet50/img535_pairwise_A_correct_B_wrong_VGG16_vs_ResNet50.png
535,meningioma/Te-me_128.jpg,ResNet50,meningioma,pituitary,0.6015625,pairwise_A_wrong_B_correct_ResNet50_vs_EfficientNetB0,conv5_block3_3_conv,/kaggle/working/results/explainability/gradcam/ResNet50/img535_pairwise_A_wrong_B_correct_ResNet50_vs_EfficientNetB0.png
535,meningioma/Te-me_128.jpg,VGG16,meningioma,meningioma,0.99609375,pairwise_A_correct_B_wrong_VGG16_vs_ResNet50,block5_conv3,/kaggle/working/results/explainability/gradcam/VGG16/img535_pairwise_A_correct_B_wrong_VGG16_vs_ResNet50.png
548,meningioma/Te-me_14.jpg,ResNet50,meningioma,glioma,0.775390625,model_specific_failure,conv5_block3_3_conv,/kaggle/working/results/explainability/gradcam/ResNet50/img548_model_specific_failure.png
550,meningioma/Te-me_141.jpg,ResNet50,meningioma,glioma,0.5576171875,model_specific_failure,conv5_block3_3_conv,/kaggle/working/results/explainability/gradcam/ResNet50/img550_model_specific_failure.png
557,meningioma/Te-me_148.jpg,EfficientNetB0,meningioma,meningioma,0.58056640625,pairwise_A_wrong_B_correct_ResNet50_vs_EfficientNetB0,top_conv,/kaggle/working/results/explainability/gradcam/EfficientNetB0/img557_pairwise_A_wrong_B_correct_ResNet50_vs_EfficientNetB0.png
557,meningioma/Te-me_148.jpg,ResNet50,meningioma,glioma,0.75244140625,pairwise_A_correct_B_wrong_VGG16_vs_ResNet50,conv5_block3_3_conv,/kaggle/working/results/explainability/gradcam/ResNet50/img557_pairwise_A_correct_B_wrong_VGG16_vs_ResNet50.png
557,meningioma/Te-me_148.jpg,ResNet50,meningioma,glioma,0.75244140625,pairwise_A_wrong_B_correct_ResNet50_vs_EfficientNetB0,conv5_block3_3_conv,/kaggle/working/results/explainability/gradcam/ResNet50/img557_pairwise_A_wrong_B_correct_ResNet50_vs_EfficientNetB0.png
557,meningioma/Te-me_148.jpg,VGG16,meningioma,meningioma,0.869140625,pairwise_A_correct_B_wrong_VGG16_vs_ResNet50,block5_conv3,/kaggle/working/results/explainability/gradcam/VGG16/img557_pairwise_A_correct_B_wrong_VGG16_vs_ResNet50.png
569,meningioma/Te-me_159.jpg,EfficientNetB0,meningioma,meningioma,0.91748046875,pairwise_A_wrong_B_correct_VGG16_vs_EfficientNetB0,top_conv,/kaggle/working/results/explainability/gradcam/EfficientNetB0/img569_pairwise_A_wrong_B_correct_VGG16_vs_EfficientNetB0.png
569,meningioma/Te-me_159.jpg,VGG16,meningioma,pituitary,0.771484375,pairwise_A_wrong_B_correct_VGG16_vs_EfficientNetB0,block5_conv3,/kaggle/working/results/explainability/gradcam/VGG16/img569_pairwise_A_wrong_B_correct_VGG16_vs_EfficientNetB0.png
595,meningioma/Te-me_182.jpg,EfficientNetB0,meningioma,notumor,0.51904296875,pairwise_both_wrong_different_preds_ResNet50_vs_EfficientNetB0,top_conv,/kaggle/working/results/explainability/gradcam/EfficientNetB0/img595_pairwise_both_wrong_different_preds_ResNet50_vs_EfficientNetB0.png
595,meningioma/Te-me_182.jpg,ResNet50,meningioma,glioma,0.85888671875,pairwise_both_wrong_different_preds_ResNet50_vs_EfficientNetB0,conv5_block3_3_conv,/kaggle/working/results/explainability/gradcam/ResNet50/img595_pairwise_both_wrong_different_preds_ResNet50_vs_EfficientNetB0.png
616,meningioma/Te-me_200.jpg,ResNet50,meningioma,glioma,0.583984375,pairwise_both_wrong_different_preds_VGG16_vs_ResNet50,conv5_block3_3_conv,/kaggle/working/results/explainability/gradcam/ResNet50/img616_pairwise_both_wrong_different_preds_VGG16_vs_ResNet50.png
616,meningioma/Te-me_200.jpg,VGG16,meningioma,pituitary,0.689453125,pairwise_both_wrong_different_preds_VGG16_vs_ResNet50,block5_conv3,/kaggle/working/results/explainability/gradcam/VGG16/img616_pairwise_both_wrong_different_preds_VGG16_vs_ResNet50.png
625,meningioma/Te-me_209.jpg,ResNet50,meningioma,pituitary,0.56982421875,pairwise_A_correct_B_wrong_VGG16_vs_ResNet50,conv5_block3_3_conv,/kaggle/working/results/explainability/gradcam/ResNet50/img625_pairwise_A_correct_B_wrong_VGG16_vs_ResNet50.png
625,meningioma/Te-me_209.jpg,VGG16,meningioma,meningioma,0.9462890625,pairwise_A_correct_B_wrong_VGG16_vs_ResNet50,block5_conv3,/kaggle/working/results/explainability/gradcam/VGG16/img625_pairwise_A_correct_B_wrong_VGG16_vs_ResNet50.png
634,meningioma/Te-me_217.jpg,ResNet50,meningioma,meningioma,0.96435546875,pairwise_A_wrong_B_correct_VGG16_vs_ResNet50,conv5_block3_3_conv,/kaggle/working/results/explainability/gradcam/ResNet50/img634_pairwise_A_wrong_B_correct_VGG16_vs_ResNet50.png
634,meningioma/Te-me_217.jpg,VGG16,meningioma,pituitary,0.5654296875,pairwise_A_wrong_B_correct_VGG16_vs_ResNet50,block5_conv3,/kaggle/working/results/explainability/gradcam/VGG16/img634_pairwise_A_wrong_B_correct_VGG16_vs_ResNet50.png
644,meningioma/Te-me_226.jpg,EfficientNetB0,meningioma,meningioma,0.7265625,pairwise_A_wrong_B_correct_ResNet50_vs_EfficientNetB0,top_conv,/kaggle/working/results/explainability/gradcam/EfficientNetB0/img644_pairwise_A_wrong_B_correct_ResNet50_vs_EfficientNetB0.png
644,meningioma/Te-me_226.jpg,ResNet50,meningioma,glioma,0.87890625,pairwise_A_wrong_B_correct_ResNet50_vs_EfficientNetB0,conv5_block3_3_conv,/kaggle/working/results/explainability/gradcam/ResNet50/img644_pairwise_A_wrong_B_correct_ResNet50_vs_EfficientNetB0.png
660,meningioma/Te-me_240.jpg,ResNet50,meningioma,meningioma,0.8701171875,pairwise_A_wrong_B_correct_VGG16_vs_ResNet50,conv5_block3_3_conv,/kaggle/working/results/explainability/gradcam/ResNet50/img660_pairwise_A_wrong_B_correct_VGG16_vs_ResNet50.png
660,meningioma/Te-me_240.jpg,VGG16,meningioma,pituitary,0.673828125,pairwise_A_wrong_B_correct_VGG16_vs_ResNet50,block5_conv3,/kaggle/working/results/explainability/gradcam/VGG16/img660_pairwise_A_wrong_B_correct_VGG16_vs_ResNet50.png
662,meningioma/Te-me_242.jpg,EfficientNetB0,meningioma,pituitary,0.9267578125,pairwise_A_correct_B_wrong_ResNet50_vs_EfficientNetB0,top_conv,/kaggle/working/results/explainability/gradcam/EfficientNetB0/img662_pairwise_A_correct_B_wrong_ResNet50_vs_EfficientNetB0.png
662,meningioma/Te-me_242.jpg,ResNet50,meningioma,meningioma,1.0,pairwise_A_correct_B_wrong_ResNet50_vs_EfficientNetB0,conv5_block3_3_conv,/kaggle/working/results/explainability/gradcam/ResNet50/img662_pairwise_A_correct_B_wrong_ResNet50_vs_EfficientNetB0.png
695,meningioma/Te-me_272.jpg,EfficientNetB0,meningioma,pituitary,0.591796875,pairwise_A_correct_B_wrong_ResNet50_vs_EfficientNetB0,top_conv,/kaggle/working/results/explainability/gradcam/EfficientNetB0/img695_pairwise_A_correct_B_wrong_ResNet50_vs_EfficientNetB0.png
695,meningioma/Te-me_272.jpg,ResNet50,meningioma,meningioma,0.75341796875,pairwise_A_correct_B_wrong_ResNet50_vs_EfficientNetB0,conv5_block3_3_conv,/kaggle/working/results/explainability/gradcam/ResNet50/img695_pairwise_A_correct_B_wrong_ResNet50_vs_EfficientNetB0.png
698,meningioma/Te-me_275.jpg,EfficientNetB0,meningioma,glioma,0.84130859375,model_specific_failure,top_conv,/kaggle/working/results/explainability/gradcam/EfficientNetB0/img698_model_specific_failure.png
724,meningioma/Te-me_30.jpg,EfficientNetB0,meningioma,glioma,0.544921875,pairwise_A_correct_B_wrong_VGG16_vs_EfficientNetB0,top_conv,/kaggle/working/results/explainability/gradcam/EfficientNetB0/img724_pairwise_A_correct_B_wrong_VGG16_vs_EfficientNetB0.png
724,meningioma/Te-me_30.jpg,VGG16,meningioma,meningioma,0.986328125,pairwise_A_correct_B_wrong_VGG16_vs_EfficientNetB0,block5_conv3,/kaggle/working/results/explainability/gradcam/VGG16/img724_pairwise_A_correct_B_wrong_VGG16_vs_EfficientNetB0.png
728,meningioma/Te-me_34.jpg,EfficientNetB0,meningioma,glioma,0.9697265625,glioma_meningioma_confusion,top_conv,/kaggle/working/results/explainability/gradcam/EfficientNetB0/img728_glioma_meningioma_confusion.png
730,meningioma/Te-me_36.jpg,EfficientNetB0,meningioma,meningioma,0.72412109375,pairwise_A_wrong_B_correct_ResNet50_vs_EfficientNetB0,top_conv,/kaggle/working/results/explainability/gradcam/EfficientNetB0/img730_pairwise_A_wrong_B_correct_ResNet50_vs_EfficientNetB0.png
730,meningioma/Te-me_36.jpg,ResNet50,meningioma,glioma,0.88720703125,pairwise_A_wrong_B_correct_ResNet50_vs_EfficientNetB0,conv5_block3_3_conv,/kaggle/working/results/explainability/gradcam/ResNet50/img730_pairwise_A_wrong_B_correct_ResNet50_vs_EfficientNetB0.png
730,meningioma/Te-me_36.jpg,ResNet50,meningioma,glioma,0.88720703125,glioma_meningioma_confusion,conv5_block3_3_conv,/kaggle/working/results/explainability/gradcam/ResNet50/img730_glioma_meningioma_confusion.png
736,meningioma/Te-me_41.jpg,ResNet50,meningioma,pituitary,0.595703125,model_specific_failure,conv5_block3_3_conv,/kaggle/working/results/explainability/gradcam/ResNet50/img736_model_specific_failure.png
740,meningioma/Te-me_45.jpg,ResNet50,meningioma,glioma,0.85888671875,pairwise_A_correct_B_wrong_VGG16_vs_ResNet50,conv5_block3_3_conv,/kaggle/working/results/explainability/gradcam/ResNet50/img740_pairwise_A_correct_B_wrong_VGG16_vs_ResNet50.png
740,meningioma/Te-me_45.jpg,VGG16,meningioma,meningioma,0.87353515625,pairwise_A_correct_B_wrong_VGG16_vs_ResNet50,block5_conv3,/kaggle/working/results/explainability/gradcam/VGG16/img740_pairwise_A_correct_B_wrong_VGG16_vs_ResNet50.png
778,meningioma/Te-me_8.jpg,EfficientNetB0,meningioma,notumor,0.5341796875,model_specific_failure,top_conv,/kaggle/working/results/explainability/gradcam/EfficientNetB0/img778_model_specific_failure.png
784,meningioma/Te-me_85.jpg,EfficientNetB0,meningioma,glioma,0.51318359375,pairwise_both_wrong_different_preds_ResNet50_vs_EfficientNetB0,top_conv,/kaggle/working/results/explainability/gradcam/EfficientNetB0/img784_pairwise_both_wrong_different_preds_ResNet50_vs_EfficientNetB0.png
784,meningioma/Te-me_85.jpg,ResNet50,meningioma,pituitary,0.654296875,pairwise_both_wrong_different_preds_ResNet50_vs_EfficientNetB0,conv5_block3_3_conv,/kaggle/working/results/explainability/gradcam/ResNet50/img784_pairwise_both_wrong_different_preds_ResNet50_vs_EfficientNetB0.png
788,meningioma/Te-me_89.jpg,EfficientNetB0,meningioma,meningioma,0.875,pairwise_A_wrong_B_correct_ResNet50_vs_EfficientNetB0,top_conv,/kaggle/working/results/explainability/gradcam/EfficientNetB0/img788_pairwise_A_wrong_B_correct_ResNet50_vs_EfficientNetB0.png
788,meningioma/Te-me_89.jpg,ResNet50,meningioma,glioma,0.60400390625,pairwise_A_wrong_B_correct_ResNet50_vs_EfficientNetB0,conv5_block3_3_conv,/kaggle/working/results/explainability/gradcam/ResNet50/img788_pairwise_A_wrong_B_correct_ResNet50_vs_EfficientNetB0.png
788,meningioma/Te-me_89.jpg,ResNet50,meningioma,glioma,0.60400390625,glioma_meningioma_confusion,conv5_block3_3_conv,/kaggle/working/results/explainability/gradcam/ResNet50/img788_glioma_meningioma_confusion.png
792,meningioma/Te-me_92.jpg,EfficientNetB0,meningioma,pituitary,0.93505859375,pairwise_A_correct_B_wrong_ResNet50_vs_EfficientNetB0,top_conv,/kaggle/working/results/explainability/gradcam/EfficientNetB0/img792_pairwise_A_correct_B_wrong_ResNet50_vs_EfficientNetB0.png
792,meningioma/Te-me_92.jpg,ResNet50,meningioma,meningioma,0.83984375,pairwise_A_correct_B_wrong_ResNet50_vs_EfficientNetB0,conv5_block3_3_conv,/kaggle/working/results/explainability/gradcam/ResNet50/img792_pairwise_A_correct_B_wrong_ResNet50_vs_EfficientNetB0.png
1175,notumor/Te-no_77.jpg,EfficientNetB0,notumor,notumor,0.90234375,pairwise_A_wrong_B_correct_VGG16_vs_EfficientNetB0,top_conv,/kaggle/working/results/explainability/gradcam/EfficientNetB0/img1175_pairwise_A_wrong_B_correct_VGG16_vs_EfficientNetB0.png
1175,notumor/Te-no_77.jpg,ResNet50,notumor,notumor,0.7138671875,pairwise_A_wrong_B_correct_VGG16_vs_ResNet50,conv5_block3_3_conv,/kaggle/working/results/explainability/gradcam/ResNet50/img1175_pairwise_A_wrong_B_correct_VGG16_vs_ResNet50.png
1175,notumor/Te-no_77.jpg,VGG16,notumor,meningioma,0.568359375,pairwise_A_wrong_B_correct_VGG16_vs_ResNet50,block5_conv3,/kaggle/working/results/explainability/gradcam/VGG16/img1175_pairwise_A_wrong_B_correct_VGG16_vs_ResNet50.png
1175,notumor/Te-no_77.jpg,VGG16,notumor,meningioma,0.568359375,pairwise_A_wrong_B_correct_VGG16_vs_EfficientNetB0,block5_conv3,/kaggle/working/results/explainability/gradcam/VGG16/img1175_pairwise_A_wrong_B_correct_VGG16_vs_EfficientNetB0.png
1445,pituitary/Te-pi_32.jpg,VGG16,pituitary,glioma,0.5322265625,model_specific_failure,block5_conv3,/kaggle/working/results/explainability/gradcam/VGG16/img1445_model_specific_failure.png
1448,pituitary/Te-pi_322.jpg,EfficientNetB0,pituitary,glioma,0.60791015625,model_specific_failure,top_conv,/kaggle/working/results/explainability/gradcam/EfficientNetB0/img1448_model_specific_failure.png
1497,pituitary/Te-pi_367.jpg,EfficientNetB0,pituitary,glioma,0.8173828125,pairwise_both_wrong_different_preds_VGG16_vs_EfficientNetB0,top_conv,/kaggle/working/results/explainability/gradcam/EfficientNetB0/img1497_pairwise_both_wrong_different_preds_VGG16_vs_EfficientNetB0.png
1497,pituitary/Te-pi_367.jpg,EfficientNetB0,pituitary,glioma,0.8173828125,pairwise_both_wrong_different_preds_ResNet50_vs_EfficientNetB0,top_conv,/kaggle/working/results/explainability/gradcam/EfficientNetB0/img1497_pairwise_both_wrong_different_preds_ResNet50_vs_EfficientNetB0.png
1497,pituitary/Te-pi_367.jpg,ResNet50,pituitary,meningioma,0.5439453125,pairwise_both_wrong_different_preds_ResNet50_vs_EfficientNetB0,conv5_block3_3_conv,/kaggle/working/results/explainability/gradcam/ResNet50/img1497_pairwise_both_wrong_different_preds_ResNet50_vs_EfficientNetB0.png
1497,pituitary/Te-pi_367.jpg,VGG16,pituitary,meningioma,0.68310546875,pairwise_both_wrong_different_preds_VGG16_vs_EfficientNetB0,block5_conv3,/kaggle/working/results/explainability/gradcam/VGG16/img1497_pairwise_both_wrong_different_preds_VGG16_vs_EfficientNetB0.png
1541,pituitary/Te-pi_46.jpg,ResNet50,pituitary,glioma,0.88330078125,model_specific_failure,conv5_block3_3_conv,/kaggle/working/results/explainability/gradcam/ResNet50/img1541_model_specific_failure.png
