image_id,filename,filepath,true_class,model,predicted_class,confidence,failure_type,selection_reason
99,glioma/Te-gl_189.jpg,/kaggle/input/datasets/masoudnickparvar/brain-tumor-mri-dataset/Testing/glioma/Te-gl_189.jpg,glioma,VGG16,notumor,0.927734375,shared_failure,All 3 models misclassified this image
99,glioma/Te-gl_189.jpg,/kaggle/input/datasets/masoudnickparvar/brain-tumor-mri-dataset/Testing/glioma/Te-gl_189.jpg,glioma,ResNet50,notumor,0.630859375,shared_failure,All 3 models misclassified this image
99,glioma/Te-gl_189.jpg,/kaggle/input/datasets/masoudnickparvar/brain-tumor-mri-dataset/Testing/glioma/Te-gl_189.jpg,glioma,EfficientNetB0,meningioma,0.900390625,shared_failure,All 3 models misclassified this image
30,glioma/Te-gl_126.jpg,/kaggle/input/datasets/masoudnickparvar/brain-tumor-mri-dataset/Testing/glioma/Te-gl_126.jpg,glioma,VGG16,meningioma,0.63134765625,shared_failure,All 3 models misclassified this image
30,glioma/Te-gl_126.jpg,/kaggle/input/datasets/masoudnickparvar/brain-tumor-mri-dataset/Testing/glioma/Te-gl_126.jpg,glioma,ResNet50,meningioma,0.96044921875,shared_failure,All 3 models misclassified this image
30,glioma/Te-gl_126.jpg,/kaggle/input/datasets/masoudnickparvar/brain-tumor-mri-dataset/Testing/glioma/Te-gl_126.jpg,glioma,EfficientNetB0,meningioma,0.6708984375,shared_failure,All 3 models misclassified this image
262,glioma/Te-gl_335.jpg,/kaggle/input/datasets/masoudnickparvar/brain-tumor-mri-dataset/Testing/glioma/Te-gl_335.jpg,glioma,VGG16,meningioma,1.0,shared_failure,All 3 models misclassified this image
262,glioma/Te-gl_335.jpg,/kaggle/input/datasets/masoudnickparvar/brain-tumor-mri-dataset/Testing/glioma/Te-gl_335.jpg,glioma,ResNet50,meningioma,0.9990234375,shared_failure,All 3 models misclassified this image
262,glioma/Te-gl_335.jpg,/kaggle/input/datasets/masoudnickparvar/brain-tumor-mri-dataset/Testing/glioma/Te-gl_335.jpg,glioma,EfficientNetB0,notumor,0.55126953125,shared_failure,All 3 models misclassified this image
238,glioma/Te-gl_313.jpg,/kaggle/input/datasets/masoudnickparvar/brain-tumor-mri-dataset/Testing/glioma/Te-gl_313.jpg,glioma,VGG16,meningioma,0.55810546875,shared_failure,All 3 models misclassified this image
238,glioma/Te-gl_313.jpg,/kaggle/input/datasets/masoudnickparvar/brain-tumor-mri-dataset/Testing/glioma/Te-gl_313.jpg,glioma,ResNet50,meningioma,0.8115234375,shared_failure,All 3 models misclassified this image
238,glioma/Te-gl_313.jpg,/kaggle/input/datasets/masoudnickparvar/brain-tumor-mri-dataset/Testing/glioma/Te-gl_313.jpg,glioma,EfficientNetB0,notumor,0.86767578125,shared_failure,All 3 models misclassified this image
217,glioma/Te-gl_295.jpg,/kaggle/input/datasets/masoudnickparvar/brain-tumor-mri-dataset/Testing/glioma/Te-gl_295.jpg,glioma,VGG16,meningioma,0.76171875,shared_failure,All 3 models misclassified this image
217,glioma/Te-gl_295.jpg,/kaggle/input/datasets/masoudnickparvar/brain-tumor-mri-dataset/Testing/glioma/Te-gl_295.jpg,glioma,ResNet50,notumor,0.51904296875,shared_failure,All 3 models misclassified this image
217,glioma/Te-gl_295.jpg,/kaggle/input/datasets/masoudnickparvar/brain-tumor-mri-dataset/Testing/glioma/Te-gl_295.jpg,glioma,EfficientNetB0,meningioma,0.7080078125,shared_failure,All 3 models misclassified this image
126,glioma/Te-gl_212.jpg,/kaggle/input/datasets/masoudnickparvar/brain-tumor-mri-dataset/Testing/glioma/Te-gl_212.jpg,glioma,VGG16,meningioma,0.931640625,shared_failure,All 3 models misclassified this image
126,glioma/Te-gl_212.jpg,/kaggle/input/datasets/masoudnickparvar/brain-tumor-mri-dataset/Testing/glioma/Te-gl_212.jpg,glioma,ResNet50,meningioma,0.9951171875,shared_failure,All 3 models misclassified this image
126,glioma/Te-gl_212.jpg,/kaggle/input/datasets/masoudnickparvar/brain-tumor-mri-dataset/Testing/glioma/Te-gl_212.jpg,glioma,EfficientNetB0,meningioma,0.97998046875,shared_failure,All 3 models misclassified this image
97,glioma/Te-gl_187.jpg,/kaggle/input/datasets/masoudnickparvar/brain-tumor-mri-dataset/Testing/glioma/Te-gl_187.jpg,glioma,VGG16,meningioma,0.74072265625,shared_failure,All 3 models misclassified this image
97,glioma/Te-gl_187.jpg,/kaggle/input/datasets/masoudnickparvar/brain-tumor-mri-dataset/Testing/glioma/Te-gl_187.jpg,glioma,ResNet50,meningioma,0.8828125,shared_failure,All 3 models misclassified this image
97,glioma/Te-gl_187.jpg,/kaggle/input/datasets/masoudnickparvar/brain-tumor-mri-dataset/Testing/glioma/Te-gl_187.jpg,glioma,EfficientNetB0,meningioma,0.82763671875,shared_failure,All 3 models misclassified this image
68,glioma/Te-gl_160.jpg,/kaggle/input/datasets/masoudnickparvar/brain-tumor-mri-dataset/Testing/glioma/Te-gl_160.jpg,glioma,VGG16,meningioma,0.87890625,shared_failure,All 3 models misclassified this image
68,glioma/Te-gl_160.jpg,/kaggle/input/datasets/masoudnickparvar/brain-tumor-mri-dataset/Testing/glioma/Te-gl_160.jpg,glioma,ResNet50,pituitary,0.9453125,shared_failure,All 3 models misclassified this image
68,glioma/Te-gl_160.jpg,/kaggle/input/datasets/masoudnickparvar/brain-tumor-mri-dataset/Testing/glioma/Te-gl_160.jpg,glioma,EfficientNetB0,meningioma,0.95166015625,shared_failure,All 3 models misclassified this image
374,glioma/Te-gl_76.jpg,/kaggle/input/datasets/masoudnickparvar/brain-tumor-mri-dataset/Testing/glioma/Te-gl_76.jpg,glioma,VGG16,meningioma,1.0,shared_failure,All 3 models misclassified this image
374,glioma/Te-gl_76.jpg,/kaggle/input/datasets/masoudnickparvar/brain-tumor-mri-dataset/Testing/glioma/Te-gl_76.jpg,glioma,ResNet50,meningioma,0.7744140625,shared_failure,All 3 models misclassified this image
374,glioma/Te-gl_76.jpg,/kaggle/input/datasets/masoudnickparvar/brain-tumor-mri-dataset/Testing/glioma/Te-gl_76.jpg,glioma,EfficientNetB0,meningioma,0.53662109375,shared_failure,All 3 models misclassified this image
18,glioma/Te-gl_115.jpg,/kaggle/input/datasets/masoudnickparvar/brain-tumor-mri-dataset/Testing/glioma/Te-gl_115.jpg,glioma,VGG16,meningioma,0.7001953125,shared_failure,All 3 models misclassified this image
18,glioma/Te-gl_115.jpg,/kaggle/input/datasets/masoudnickparvar/brain-tumor-mri-dataset/Testing/glioma/Te-gl_115.jpg,glioma,ResNet50,meningioma,0.7373046875,shared_failure,All 3 models misclassified this image
18,glioma/Te-gl_115.jpg,/kaggle/input/datasets/masoudnickparvar/brain-tumor-mri-dataset/Testing/glioma/Te-gl_115.jpg,glioma,EfficientNetB0,meningioma,0.46240234375,shared_failure,All 3 models misclassified this image
394,glioma/Te-gl_94.jpg,/kaggle/input/datasets/masoudnickparvar/brain-tumor-mri-dataset/Testing/glioma/Te-gl_94.jpg,glioma,VGG16,pituitary,0.95947265625,model_specific_failure,Only VGG16 misclassified while others correct
13,glioma/Te-gl_110.jpg,/kaggle/input/datasets/masoudnickparvar/brain-tumor-mri-dataset/Testing/glioma/Te-gl_110.jpg,glioma,VGG16,meningioma,0.54638671875,model_specific_failure,Only VGG16 misclassified while others correct
3,glioma/Te-gl_101.jpg,/kaggle/input/datasets/masoudnickparvar/brain-tumor-mri-dataset/Testing/glioma/Te-gl_101.jpg,glioma,VGG16,pituitary,0.82763671875,model_specific_failure,Only VGG16 misclassified while others correct
87,glioma/Te-gl_178.jpg,/kaggle/input/datasets/masoudnickparvar/brain-tumor-mri-dataset/Testing/glioma/Te-gl_178.jpg,glioma,VGG16,meningioma,0.7802734375,model_specific_failure,Only VGG16 misclassified while others correct
84,glioma/Te-gl_175.jpg,/kaggle/input/datasets/masoudnickparvar/brain-tumor-mri-dataset/Testing/glioma/Te-gl_175.jpg,glioma,VGG16,meningioma,0.85205078125,model_specific_failure,Only VGG16 misclassified while others correct
327,glioma/Te-gl_394.jpg,/kaggle/input/datasets/masoudnickparvar/brain-tumor-mri-dataset/Testing/glioma/Te-gl_394.jpg,glioma,VGG16,pituitary,0.64208984375,model_specific_failure,Only VGG16 misclassified while others correct
79,glioma/Te-gl_170.jpg,/kaggle/input/datasets/masoudnickparvar/brain-tumor-mri-dataset/Testing/glioma/Te-gl_170.jpg,glioma,VGG16,meningioma,0.7802734375,model_specific_failure,Only VGG16 misclassified while others correct
129,glioma/Te-gl_215.jpg,/kaggle/input/datasets/masoudnickparvar/brain-tumor-mri-dataset/Testing/glioma/Te-gl_215.jpg,glioma,VGG16,meningioma,0.474853515625,model_specific_failure,Only VGG16 misclassified while others correct
446,meningioma/Te-aug-me_48.jpg,/kaggle/input/datasets/masoudnickparvar/brain-tumor-mri-dataset/Testing/meningioma/Te-aug-me_48.jpg,meningioma,VGG16,pituitary,0.73046875,model_specific_failure,Only VGG16 misclassified while others correct
1445,pituitary/Te-pi_32.jpg,/kaggle/input/datasets/masoudnickparvar/brain-tumor-mri-dataset/Testing/pituitary/Te-pi_32.jpg,pituitary,VGG16,glioma,0.5322265625,model_specific_failure,Only VGG16 misclassified while others correct
1541,pituitary/Te-pi_46.jpg,/kaggle/input/datasets/masoudnickparvar/brain-tumor-mri-dataset/Testing/pituitary/Te-pi_46.jpg,pituitary,ResNet50,glioma,0.88330078125,model_specific_failure,Only ResNet50 misclassified while others correct
381,glioma/Te-gl_82.jpg,/kaggle/input/datasets/masoudnickparvar/brain-tumor-mri-dataset/Testing/glioma/Te-gl_82.jpg,glioma,ResNet50,meningioma,0.564453125,model_specific_failure,Only ResNet50 misclassified while others correct
22,glioma/Te-gl_119.jpg,/kaggle/input/datasets/masoudnickparvar/brain-tumor-mri-dataset/Testing/glioma/Te-gl_119.jpg,glioma,ResNet50,meningioma,0.5625,model_specific_failure,Only ResNet50 misclassified while others correct
494,meningioma/Te-aug-me_91.jpg,/kaggle/input/datasets/masoudnickparvar/brain-tumor-mri-dataset/Testing/meningioma/Te-aug-me_91.jpg,meningioma,ResNet50,pituitary,0.88134765625,model_specific_failure,Only ResNet50 misclassified while others correct
459,meningioma/Te-aug-me_6.jpg,/kaggle/input/datasets/masoudnickparvar/brain-tumor-mri-dataset/Testing/meningioma/Te-aug-me_6.jpg,meningioma,ResNet50,glioma,0.73291015625,model_specific_failure,Only ResNet50 misclassified while others correct
736,meningioma/Te-me_41.jpg,/kaggle/input/datasets/masoudnickparvar/brain-tumor-mri-dataset/Testing/meningioma/Te-me_41.jpg,meningioma,ResNet50,pituitary,0.595703125,model_specific_failure,Only ResNet50 misclassified while others correct
347,glioma/Te-gl_51.jpg,/kaggle/input/datasets/masoudnickparvar/brain-tumor-mri-dataset/Testing/glioma/Te-gl_51.jpg,glioma,ResNet50,meningioma,0.8359375,model_specific_failure,Only ResNet50 misclassified while others correct
550,meningioma/Te-me_141.jpg,/kaggle/input/datasets/masoudnickparvar/brain-tumor-mri-dataset/Testing/meningioma/Te-me_141.jpg,meningioma,ResNet50,glioma,0.5576171875,model_specific_failure,Only ResNet50 misclassified while others correct
69,glioma/Te-gl_161.jpg,/kaggle/input/datasets/masoudnickparvar/brain-tumor-mri-dataset/Testing/glioma/Te-gl_161.jpg,glioma,ResNet50,pituitary,0.6748046875,model_specific_failure,Only ResNet50 misclassified while others correct
548,meningioma/Te-me_14.jpg,/kaggle/input/datasets/masoudnickparvar/brain-tumor-mri-dataset/Testing/meningioma/Te-me_14.jpg,meningioma,ResNet50,glioma,0.775390625,model_specific_failure,Only ResNet50 misclassified while others correct
698,meningioma/Te-me_275.jpg,/kaggle/input/datasets/masoudnickparvar/brain-tumor-mri-dataset/Testing/meningioma/Te-me_275.jpg,meningioma,EfficientNetB0,glioma,0.84130859375,model_specific_failure,Only EfficientNetB0 misclassified while others correct
91,glioma/Te-gl_181.jpg,/kaggle/input/datasets/masoudnickparvar/brain-tumor-mri-dataset/Testing/glioma/Te-gl_181.jpg,glioma,EfficientNetB0,meningioma,0.63037109375,model_specific_failure,Only EfficientNetB0 misclassified while others correct
6,glioma/Te-gl_104.jpg,/kaggle/input/datasets/masoudnickparvar/brain-tumor-mri-dataset/Testing/glioma/Te-gl_104.jpg,glioma,EfficientNetB0,meningioma,0.50634765625,model_specific_failure,Only EfficientNetB0 misclassified while others correct
778,meningioma/Te-me_8.jpg,/kaggle/input/datasets/masoudnickparvar/brain-tumor-mri-dataset/Testing/meningioma/Te-me_8.jpg,meningioma,EfficientNetB0,notumor,0.5341796875,model_specific_failure,Only EfficientNetB0 misclassified while others correct
263,glioma/Te-gl_336.jpg,/kaggle/input/datasets/masoudnickparvar/brain-tumor-mri-dataset/Testing/glioma/Te-gl_336.jpg,glioma,EfficientNetB0,meningioma,0.76513671875,model_specific_failure,Only EfficientNetB0 misclassified while others correct
232,glioma/Te-gl_308.jpg,/kaggle/input/datasets/masoudnickparvar/brain-tumor-mri-dataset/Testing/glioma/Te-gl_308.jpg,glioma,EfficientNetB0,meningioma,0.6064453125,model_specific_failure,Only EfficientNetB0 misclassified while others correct
223,glioma/Te-gl_30.jpg,/kaggle/input/datasets/masoudnickparvar/brain-tumor-mri-dataset/Testing/glioma/Te-gl_30.jpg,glioma,EfficientNetB0,meningioma,0.6337890625,model_specific_failure,Only EfficientNetB0 misclassified while others correct
105,glioma/Te-gl_194.jpg,/kaggle/input/datasets/masoudnickparvar/brain-tumor-mri-dataset/Testing/glioma/Te-gl_194.jpg,glioma,EfficientNetB0,meningioma,0.595703125,model_specific_failure,Only EfficientNetB0 misclassified while others correct
1448,pituitary/Te-pi_322.jpg,/kaggle/input/datasets/masoudnickparvar/brain-tumor-mri-dataset/Testing/pituitary/Te-pi_322.jpg,pituitary,EfficientNetB0,glioma,0.60791015625,model_specific_failure,Only EfficientNetB0 misclassified while others correct
60,glioma/Te-gl_153.jpg,/kaggle/input/datasets/masoudnickparvar/brain-tumor-mri-dataset/Testing/glioma/Te-gl_153.jpg,glioma,EfficientNetB0,meningioma,0.970703125,model_specific_failure,Only EfficientNetB0 misclassified while others correct
347,glioma/Te-gl_51.jpg,/kaggle/input/datasets/masoudnickparvar/brain-tumor-mri-dataset/Testing/glioma/Te-gl_51.jpg,glioma,VGG16,glioma,0.7060546875,pairwise_A_correct_B_wrong_VGG16_vs_ResNet50,VGG16 vs ResNet50: A correct B wrong
347,glioma/Te-gl_51.jpg,/kaggle/input/datasets/masoudnickparvar/brain-tumor-mri-dataset/Testing/glioma/Te-gl_51.jpg,glioma,ResNet50,meningioma,0.8359375,pairwise_A_correct_B_wrong_VGG16_vs_ResNet50,VGG16 vs ResNet50: A correct B wrong
22,glioma/Te-gl_119.jpg,/kaggle/input/datasets/masoudnickparvar/brain-tumor-mri-dataset/Testing/glioma/Te-gl_119.jpg,glioma,VGG16,glioma,0.994140625,pairwise_A_correct_B_wrong_VGG16_vs_ResNet50,VGG16 vs ResNet50: A correct B wrong
22,glioma/Te-gl_119.jpg,/kaggle/input/datasets/masoudnickparvar/brain-tumor-mri-dataset/Testing/glioma/Te-gl_119.jpg,glioma,ResNet50,meningioma,0.5625,pairwise_A_correct_B_wrong_VGG16_vs_ResNet50,VGG16 vs ResNet50: A correct B wrong
535,meningioma/Te-me_128.jpg,/kaggle/input/datasets/masoudnickparvar/brain-tumor-mri-dataset/Testing/meningioma/Te-me_128.jpg,meningioma,VGG16,meningioma,0.99609375,pairwise_A_correct_B_wrong_VGG16_vs_ResNet50,VGG16 vs ResNet50: A correct B wrong
535,meningioma/Te-me_128.jpg,/kaggle/input/datasets/masoudnickparvar/brain-tumor-mri-dataset/Testing/meningioma/Te-me_128.jpg,meningioma,ResNet50,pituitary,0.6015625,pairwise_A_correct_B_wrong_VGG16_vs_ResNet50,VGG16 vs ResNet50: A correct B wrong
495,meningioma/Te-aug-me_92.jpg,/kaggle/input/datasets/masoudnickparvar/brain-tumor-mri-dataset/Testing/meningioma/Te-aug-me_92.jpg,meningioma,VGG16,meningioma,0.69775390625,pairwise_A_correct_B_wrong_VGG16_vs_ResNet50,VGG16 vs ResNet50: A correct B wrong
495,meningioma/Te-aug-me_92.jpg,/kaggle/input/datasets/masoudnickparvar/brain-tumor-mri-dataset/Testing/meningioma/Te-aug-me_92.jpg,meningioma,ResNet50,pituitary,0.6630859375,pairwise_A_correct_B_wrong_VGG16_vs_ResNet50,VGG16 vs ResNet50: A correct B wrong
494,meningioma/Te-aug-me_91.jpg,/kaggle/input/datasets/masoudnickparvar/brain-tumor-mri-dataset/Testing/meningioma/Te-aug-me_91.jpg,meningioma,VGG16,meningioma,0.68212890625,pairwise_A_correct_B_wrong_VGG16_vs_ResNet50,VGG16 vs ResNet50: A correct B wrong
494,meningioma/Te-aug-me_91.jpg,/kaggle/input/datasets/masoudnickparvar/brain-tumor-mri-dataset/Testing/meningioma/Te-aug-me_91.jpg,meningioma,ResNet50,pituitary,0.88134765625,pairwise_A_correct_B_wrong_VGG16_vs_ResNet50,VGG16 vs ResNet50: A correct B wrong
381,glioma/Te-gl_82.jpg,/kaggle/input/datasets/masoudnickparvar/brain-tumor-mri-dataset/Testing/glioma/Te-gl_82.jpg,glioma,VGG16,glioma,0.62255859375,pairwise_A_correct_B_wrong_VGG16_vs_ResNet50,VGG16 vs ResNet50: A correct B wrong
381,glioma/Te-gl_82.jpg,/kaggle/input/datasets/masoudnickparvar/brain-tumor-mri-dataset/Testing/glioma/Te-gl_82.jpg,glioma,ResNet50,meningioma,0.564453125,pairwise_A_correct_B_wrong_VGG16_vs_ResNet50,VGG16 vs ResNet50: A correct B wrong
625,meningioma/Te-me_209.jpg,/kaggle/input/datasets/masoudnickparvar/brain-tumor-mri-dataset/Testing/meningioma/Te-me_209.jpg,meningioma,VGG16,meningioma,0.9462890625,pairwise_A_correct_B_wrong_VGG16_vs_ResNet50,VGG16 vs ResNet50: A correct B wrong
625,meningioma/Te-me_209.jpg,/kaggle/input/datasets/masoudnickparvar/brain-tumor-mri-dataset/Testing/meningioma/Te-me_209.jpg,meningioma,ResNet50,pituitary,0.56982421875,pairwise_A_correct_B_wrong_VGG16_vs_ResNet50,VGG16 vs ResNet50: A correct B wrong
107,glioma/Te-gl_196.jpg,/kaggle/input/datasets/masoudnickparvar/brain-tumor-mri-dataset/Testing/glioma/Te-gl_196.jpg,glioma,VGG16,glioma,0.88671875,pairwise_A_correct_B_wrong_VGG16_vs_ResNet50,VGG16 vs ResNet50: A correct B wrong
107,glioma/Te-gl_196.jpg,/kaggle/input/datasets/masoudnickparvar/brain-tumor-mri-dataset/Testing/glioma/Te-gl_196.jpg,glioma,ResNet50,meningioma,0.66259765625,pairwise_A_correct_B_wrong_VGG16_vs_ResNet50,VGG16 vs ResNet50: A correct B wrong
557,meningioma/Te-me_148.jpg,/kaggle/input/datasets/masoudnickparvar/brain-tumor-mri-dataset/Testing/meningioma/Te-me_148.jpg,meningioma,VGG16,meningioma,0.869140625,pairwise_A_correct_B_wrong_VGG16_vs_ResNet50,VGG16 vs ResNet50: A correct B wrong
557,meningioma/Te-me_148.jpg,/kaggle/input/datasets/masoudnickparvar/brain-tumor-mri-dataset/Testing/meningioma/Te-me_148.jpg,meningioma,ResNet50,glioma,0.75244140625,pairwise_A_correct_B_wrong_VGG16_vs_ResNet50,VGG16 vs ResNet50: A correct B wrong
740,meningioma/Te-me_45.jpg,/kaggle/input/datasets/masoudnickparvar/brain-tumor-mri-dataset/Testing/meningioma/Te-me_45.jpg,meningioma,VGG16,meningioma,0.87353515625,pairwise_A_correct_B_wrong_VGG16_vs_ResNet50,VGG16 vs ResNet50: A correct B wrong
740,meningioma/Te-me_45.jpg,/kaggle/input/datasets/masoudnickparvar/brain-tumor-mri-dataset/Testing/meningioma/Te-me_45.jpg,meningioma,ResNet50,glioma,0.85888671875,pairwise_A_correct_B_wrong_VGG16_vs_ResNet50,VGG16 vs ResNet50: A correct B wrong
660,meningioma/Te-me_240.jpg,/kaggle/input/datasets/masoudnickparvar/brain-tumor-mri-dataset/Testing/meningioma/Te-me_240.jpg,meningioma,VGG16,pituitary,0.673828125,pairwise_A_wrong_B_correct_VGG16_vs_ResNet50,VGG16 vs ResNet50: A wrong B correct
660,meningioma/Te-me_240.jpg,/kaggle/input/datasets/masoudnickparvar/brain-tumor-mri-dataset/Testing/meningioma/Te-me_240.jpg,meningioma,ResNet50,meningioma,0.8701171875,pairwise_A_wrong_B_correct_VGG16_vs_ResNet50,VGG16 vs ResNet50: A wrong B correct
79,glioma/Te-gl_170.jpg,/kaggle/input/datasets/masoudnickparvar/brain-tumor-mri-dataset/Testing/glioma/Te-gl_170.jpg,glioma,VGG16,meningioma,0.7802734375,pairwise_A_wrong_B_correct_VGG16_vs_ResNet50,VGG16 vs ResNet50: A wrong B correct
79,glioma/Te-gl_170.jpg,/kaggle/input/datasets/masoudnickparvar/brain-tumor-mri-dataset/Testing/glioma/Te-gl_170.jpg,glioma,ResNet50,glioma,0.59375,pairwise_A_wrong_B_correct_VGG16_vs_ResNet50,VGG16 vs ResNet50: A wrong B correct
3,glioma/Te-gl_101.jpg,/kaggle/input/datasets/masoudnickparvar/brain-tumor-mri-dataset/Testing/glioma/Te-gl_101.jpg,glioma,VGG16,pituitary,0.82763671875,pairwise_A_wrong_B_correct_VGG16_vs_ResNet50,VGG16 vs ResNet50: A wrong B correct
3,glioma/Te-gl_101.jpg,/kaggle/input/datasets/masoudnickparvar/brain-tumor-mri-dataset/Testing/glioma/Te-gl_101.jpg,glioma,ResNet50,glioma,0.9892578125,pairwise_A_wrong_B_correct_VGG16_vs_ResNet50,VGG16 vs ResNet50: A wrong B correct
144,glioma/Te-gl_229.jpg,/kaggle/input/datasets/masoudnickparvar/brain-tumor-mri-dataset/Testing/glioma/Te-gl_229.jpg,glioma,VGG16,meningioma,0.97802734375,pairwise_A_wrong_B_correct_VGG16_vs_ResNet50,VGG16 vs ResNet50: A wrong B correct
144,glioma/Te-gl_229.jpg,/kaggle/input/datasets/masoudnickparvar/brain-tumor-mri-dataset/Testing/glioma/Te-gl_229.jpg,glioma,ResNet50,glioma,0.75341796875,pairwise_A_wrong_B_correct_VGG16_vs_ResNet50,VGG16 vs ResNet50: A wrong B correct
129,glioma/Te-gl_215.jpg,/kaggle/input/datasets/masoudnickparvar/brain-tumor-mri-dataset/Testing/glioma/Te-gl_215.jpg,glioma,VGG16,meningioma,0.474853515625,pairwise_A_wrong_B_correct_VGG16_vs_ResNet50,VGG16 vs ResNet50: A wrong B correct
129,glioma/Te-gl_215.jpg,/kaggle/input/datasets/masoudnickparvar/brain-tumor-mri-dataset/Testing/glioma/Te-gl_215.jpg,glioma,ResNet50,glioma,0.900390625,pairwise_A_wrong_B_correct_VGG16_vs_ResNet50,VGG16 vs ResNet50: A wrong B correct
634,meningioma/Te-me_217.jpg,/kaggle/input/datasets/masoudnickparvar/brain-tumor-mri-dataset/Testing/meningioma/Te-me_217.jpg,meningioma,VGG16,pituitary,0.5654296875,pairwise_A_wrong_B_correct_VGG16_vs_ResNet50,VGG16 vs ResNet50: A wrong B correct
634,meningioma/Te-me_217.jpg,/kaggle/input/datasets/masoudnickparvar/brain-tumor-mri-dataset/Testing/meningioma/Te-me_217.jpg,meningioma,ResNet50,meningioma,0.96435546875,pairwise_A_wrong_B_correct_VGG16_vs_ResNet50,VGG16 vs ResNet50: A wrong B correct
84,glioma/Te-gl_175.jpg,/kaggle/input/datasets/masoudnickparvar/brain-tumor-mri-dataset/Testing/glioma/Te-gl_175.jpg,glioma,VGG16,meningioma,0.85205078125,pairwise_A_wrong_B_correct_VGG16_vs_ResNet50,VGG16 vs ResNet50: A wrong B correct
84,glioma/Te-gl_175.jpg,/kaggle/input/datasets/masoudnickparvar/brain-tumor-mri-dataset/Testing/glioma/Te-gl_175.jpg,glioma,ResNet50,glioma,0.998046875,pairwise_A_wrong_B_correct_VGG16_vs_ResNet50,VGG16 vs ResNet50: A wrong B correct
1175,notumor/Te-no_77.jpg,/kaggle/input/datasets/masoudnickparvar/brain-tumor-mri-dataset/Testing/notumor/Te-no_77.jpg,notumor,VGG16,meningioma,0.568359375,pairwise_A_wrong_B_correct_VGG16_vs_ResNet50,VGG16 vs ResNet50: A wrong B correct
1175,notumor/Te-no_77.jpg,/kaggle/input/datasets/masoudnickparvar/brain-tumor-mri-dataset/Testing/notumor/Te-no_77.jpg,notumor,ResNet50,notumor,0.7138671875,pairwise_A_wrong_B_correct_VGG16_vs_ResNet50,VGG16 vs ResNet50: A wrong B correct
75,glioma/Te-gl_167.jpg,/kaggle/input/datasets/masoudnickparvar/brain-tumor-mri-dataset/Testing/glioma/Te-gl_167.jpg,glioma,VGG16,notumor,0.5263671875,pairwise_A_wrong_B_correct_VGG16_vs_ResNet50,VGG16 vs ResNet50: A wrong B correct
75,glioma/Te-gl_167.jpg,/kaggle/input/datasets/masoudnickparvar/brain-tumor-mri-dataset/Testing/glioma/Te-gl_167.jpg,glioma,ResNet50,glioma,0.9892578125,pairwise_A_wrong_B_correct_VGG16_vs_ResNet50,VGG16 vs ResNet50: A wrong B correct
145,glioma/Te-gl_23.jpg,/kaggle/input/datasets/masoudnickparvar/brain-tumor-mri-dataset/Testing/glioma/Te-gl_23.jpg,glioma,VGG16,meningioma,0.990234375,pairwise_A_wrong_B_correct_VGG16_vs_ResNet50,VGG16 vs ResNet50: A wrong B correct
145,glioma/Te-gl_23.jpg,/kaggle/input/datasets/masoudnickparvar/brain-tumor-mri-dataset/Testing/glioma/Te-gl_23.jpg,glioma,ResNet50,glioma,0.9951171875,pairwise_A_wrong_B_correct_VGG16_vs_ResNet50,VGG16 vs ResNet50: A wrong B correct
68,glioma/Te-gl_160.jpg,/kaggle/input/datasets/masoudnickparvar/brain-tumor-mri-dataset/Testing/glioma/Te-gl_160.jpg,glioma,VGG16,meningioma,0.87890625,pairwise_both_wrong_different_preds_VGG16_vs_ResNet50,VGG16 vs ResNet50: both wrong different preds
68,glioma/Te-gl_160.jpg,/kaggle/input/datasets/masoudnickparvar/brain-tumor-mri-dataset/Testing/glioma/Te-gl_160.jpg,glioma,ResNet50,pituitary,0.9453125,pairwise_both_wrong_different_preds_VGG16_vs_ResNet50,VGG16 vs ResNet50: both wrong different preds
0,glioma/Te-gl_1.jpg,/kaggle/input/datasets/masoudnickparvar/brain-tumor-mri-dataset/Testing/glioma/Te-gl_1.jpg,glioma,VGG16,meningioma,0.47705078125,pairwise_both_wrong_different_preds_VGG16_vs_ResNet50,VGG16 vs ResNet50: both wrong different preds
0,glioma/Te-gl_1.jpg,/kaggle/input/datasets/masoudnickparvar/brain-tumor-mri-dataset/Testing/glioma/Te-gl_1.jpg,glioma,ResNet50,pituitary,0.60498046875,pairwise_both_wrong_different_preds_VGG16_vs_ResNet50,VGG16 vs ResNet50: both wrong different preds
338,glioma/Te-gl_43.jpg,/kaggle/input/datasets/masoudnickparvar/brain-tumor-mri-dataset/Testing/glioma/Te-gl_43.jpg,glioma,VGG16,meningioma,0.54443359375,pairwise_both_wrong_different_preds_VGG16_vs_ResNet50,VGG16 vs ResNet50: both wrong different preds
338,glioma/Te-gl_43.jpg,/kaggle/input/datasets/masoudnickparvar/brain-tumor-mri-dataset/Testing/glioma/Te-gl_43.jpg,glioma,ResNet50,notumor,0.728515625,pairwise_both_wrong_different_preds_VGG16_vs_ResNet50,VGG16 vs ResNet50: both wrong different preds
127,glioma/Te-gl_213.jpg,/kaggle/input/datasets/masoudnickparvar/brain-tumor-mri-dataset/Testing/glioma/Te-gl_213.jpg,glioma,VGG16,pituitary,0.40576171875,pairwise_both_wrong_different_preds_VGG16_vs_ResNet50,VGG16 vs ResNet50: both wrong different preds
127,glioma/Te-gl_213.jpg,/kaggle/input/datasets/masoudnickparvar/brain-tumor-mri-dataset/Testing/glioma/Te-gl_213.jpg,glioma,ResNet50,meningioma,0.7529296875,pairwise_both_wrong_different_preds_VGG16_vs_ResNet50,VGG16 vs ResNet50: both wrong different preds
616,meningioma/Te-me_200.jpg,/kaggle/input/datasets/masoudnickparvar/brain-tumor-mri-dataset/Testing/meningioma/Te-me_200.jpg,meningioma,VGG16,pituitary,0.689453125,pairwise_both_wrong_different_preds_VGG16_vs_ResNet50,VGG16 vs ResNet50: both wrong different preds
616,meningioma/Te-me_200.jpg,/kaggle/input/datasets/masoudnickparvar/brain-tumor-mri-dataset/Testing/meningioma/Te-me_200.jpg,meningioma,ResNet50,glioma,0.583984375,pairwise_both_wrong_different_preds_VGG16_vs_ResNet50,VGG16 vs ResNet50: both wrong different preds
376,glioma/Te-gl_78.jpg,/kaggle/input/datasets/masoudnickparvar/brain-tumor-mri-dataset/Testing/glioma/Te-gl_78.jpg,glioma,VGG16,notumor,1.0,pairwise_both_wrong_different_preds_VGG16_vs_ResNet50,VGG16 vs ResNet50: both wrong different preds
376,glioma/Te-gl_78.jpg,/kaggle/input/datasets/masoudnickparvar/brain-tumor-mri-dataset/Testing/glioma/Te-gl_78.jpg,glioma,ResNet50,meningioma,0.97705078125,pairwise_both_wrong_different_preds_VGG16_vs_ResNet50,VGG16 vs ResNet50: both wrong different preds
38,glioma/Te-gl_133.jpg,/kaggle/input/datasets/masoudnickparvar/brain-tumor-mri-dataset/Testing/glioma/Te-gl_133.jpg,glioma,VGG16,meningioma,0.62939453125,pairwise_both_wrong_different_preds_VGG16_vs_ResNet50,VGG16 vs ResNet50: both wrong different preds
38,glioma/Te-gl_133.jpg,/kaggle/input/datasets/masoudnickparvar/brain-tumor-mri-dataset/Testing/glioma/Te-gl_133.jpg,glioma,ResNet50,notumor,0.99609375,pairwise_both_wrong_different_preds_VGG16_vs_ResNet50,VGG16 vs ResNet50: both wrong different preds
33,glioma/Te-gl_129.jpg,/kaggle/input/datasets/masoudnickparvar/brain-tumor-mri-dataset/Testing/glioma/Te-gl_129.jpg,glioma,VGG16,notumor,0.970703125,pairwise_both_wrong_different_preds_VGG16_vs_ResNet50,VGG16 vs ResNet50: both wrong different preds
33,glioma/Te-gl_129.jpg,/kaggle/input/datasets/masoudnickparvar/brain-tumor-mri-dataset/Testing/glioma/Te-gl_129.jpg,glioma,ResNet50,meningioma,0.9892578125,pairwise_both_wrong_different_preds_VGG16_vs_ResNet50,VGG16 vs ResNet50: both wrong different preds
227,glioma/Te-gl_303.jpg,/kaggle/input/datasets/masoudnickparvar/brain-tumor-mri-dataset/Testing/glioma/Te-gl_303.jpg,glioma,VGG16,notumor,0.970703125,pairwise_both_wrong_different_preds_VGG16_vs_ResNet50,VGG16 vs ResNet50: both wrong different preds
227,glioma/Te-gl_303.jpg,/kaggle/input/datasets/masoudnickparvar/brain-tumor-mri-dataset/Testing/glioma/Te-gl_303.jpg,glioma,ResNet50,meningioma,0.9892578125,pairwise_both_wrong_different_preds_VGG16_vs_ResNet50,VGG16 vs ResNet50: both wrong different preds
359,glioma/Te-gl_62.jpg,/kaggle/input/datasets/masoudnickparvar/brain-tumor-mri-dataset/Testing/glioma/Te-gl_62.jpg,glioma,VGG16,notumor,0.98828125,pairwise_both_wrong_different_preds_VGG16_vs_ResNet50,VGG16 vs ResNet50: both wrong different preds
359,glioma/Te-gl_62.jpg,/kaggle/input/datasets/masoudnickparvar/brain-tumor-mri-dataset/Testing/glioma/Te-gl_62.jpg,glioma,ResNet50,meningioma,0.833984375,pairwise_both_wrong_different_preds_VGG16_vs_ResNet50,VGG16 vs ResNet50: both wrong different preds
182,glioma/Te-gl_263.jpg,/kaggle/input/datasets/masoudnickparvar/brain-tumor-mri-dataset/Testing/glioma/Te-gl_263.jpg,glioma,VGG16,glioma,0.66845703125,pairwise_A_correct_B_wrong_VGG16_vs_EfficientNetB0,VGG16 vs EfficientNetB0: A correct B wrong
182,glioma/Te-gl_263.jpg,/kaggle/input/datasets/masoudnickparvar/brain-tumor-mri-dataset/Testing/glioma/Te-gl_263.jpg,glioma,EfficientNetB0,meningioma,0.888671875,pairwise_A_correct_B_wrong_VGG16_vs_EfficientNetB0,VGG16 vs EfficientNetB0: A correct B wrong
29,glioma/Te-gl_125.jpg,/kaggle/input/datasets/masoudnickparvar/brain-tumor-mri-dataset/Testing/glioma/Te-gl_125.jpg,glioma,VGG16,glioma,0.93115234375,pairwise_A_correct_B_wrong_VGG16_vs_EfficientNetB0,VGG16 vs EfficientNetB0: A correct B wrong
29,glioma/Te-gl_125.jpg,/kaggle/input/datasets/masoudnickparvar/brain-tumor-mri-dataset/Testing/glioma/Te-gl_125.jpg,glioma,EfficientNetB0,meningioma,0.5732421875,pairwise_A_correct_B_wrong_VGG16_vs_EfficientNetB0,VGG16 vs EfficientNetB0: A correct B wrong
525,meningioma/Te-me_119.jpg,/kaggle/input/datasets/masoudnickparvar/brain-tumor-mri-dataset/Testing/meningioma/Te-me_119.jpg,meningioma,VGG16,meningioma,0.984375,pairwise_A_correct_B_wrong_VGG16_vs_EfficientNetB0,VGG16 vs EfficientNetB0: A correct B wrong
525,meningioma/Te-me_119.jpg,/kaggle/input/datasets/masoudnickparvar/brain-tumor-mri-dataset/Testing/meningioma/Te-me_119.jpg,meningioma,EfficientNetB0,glioma,0.63525390625,pairwise_A_correct_B_wrong_VGG16_vs_EfficientNetB0,VGG16 vs EfficientNetB0: A correct B wrong
492,meningioma/Te-aug-me_9.jpg,/kaggle/input/datasets/masoudnickparvar/brain-tumor-mri-dataset/Testing/meningioma/Te-aug-me_9.jpg,meningioma,VGG16,meningioma,0.994140625,pairwise_A_correct_B_wrong_VGG16_vs_EfficientNetB0,VGG16 vs EfficientNetB0: A correct B wrong
492,meningioma/Te-aug-me_9.jpg,/kaggle/input/datasets/masoudnickparvar/brain-tumor-mri-dataset/Testing/meningioma/Te-aug-me_9.jpg,meningioma,EfficientNetB0,pituitary,0.94287109375,pairwise_A_correct_B_wrong_VGG16_vs_EfficientNetB0,VGG16 vs EfficientNetB0: A correct B wrong
383,glioma/Te-gl_84.jpg,/kaggle/input/datasets/masoudnickparvar/brain-tumor-mri-dataset/Testing/glioma/Te-gl_84.jpg,glioma,VGG16,glioma,0.98828125,pairwise_A_correct_B_wrong_VGG16_vs_EfficientNetB0,VGG16 vs EfficientNetB0: A correct B wrong
383,glioma/Te-gl_84.jpg,/kaggle/input/datasets/masoudnickparvar/brain-tumor-mri-dataset/Testing/glioma/Te-gl_84.jpg,glioma,EfficientNetB0,meningioma,0.90869140625,pairwise_A_correct_B_wrong_VGG16_vs_EfficientNetB0,VGG16 vs EfficientNetB0: A correct B wrong
223,glioma/Te-gl_30.jpg,/kaggle/input/datasets/masoudnickparvar/brain-tumor-mri-dataset/Testing/glioma/Te-gl_30.jpg,glioma,VGG16,glioma,0.994140625,pairwise_A_correct_B_wrong_VGG16_vs_EfficientNetB0,VGG16 vs EfficientNetB0: A correct B wrong
223,glioma/Te-gl_30.jpg,/kaggle/input/datasets/masoudnickparvar/brain-tumor-mri-dataset/Testing/glioma/Te-gl_30.jpg,glioma,EfficientNetB0,meningioma,0.6337890625,pairwise_A_correct_B_wrong_VGG16_vs_EfficientNetB0,VGG16 vs EfficientNetB0: A correct B wrong
167,glioma/Te-gl_25.jpg,/kaggle/input/datasets/masoudnickparvar/brain-tumor-mri-dataset/Testing/glioma/Te-gl_25.jpg,glioma,VGG16,glioma,0.91748046875,pairwise_A_correct_B_wrong_VGG16_vs_EfficientNetB0,VGG16 vs EfficientNetB0: A correct B wrong
167,glioma/Te-gl_25.jpg,/kaggle/input/datasets/masoudnickparvar/brain-tumor-mri-dataset/Testing/glioma/Te-gl_25.jpg,glioma,EfficientNetB0,meningioma,0.72021484375,pairwise_A_correct_B_wrong_VGG16_vs_EfficientNetB0,VGG16 vs EfficientNetB0: A correct B wrong
110,glioma/Te-gl_199.jpg,/kaggle/input/datasets/masoudnickparvar/brain-tumor-mri-dataset/Testing/glioma/Te-gl_199.jpg,glioma,VGG16,glioma,0.476318359375,pairwise_A_correct_B_wrong_VGG16_vs_EfficientNetB0,VGG16 vs EfficientNetB0: A correct B wrong
110,glioma/Te-gl_199.jpg,/kaggle/input/datasets/masoudnickparvar/brain-tumor-mri-dataset/Testing/glioma/Te-gl_199.jpg,glioma,EfficientNetB0,pituitary,0.625,pairwise_A_correct_B_wrong_VGG16_vs_EfficientNetB0,VGG16 vs EfficientNetB0: A correct B wrong
724,meningioma/Te-me_30.jpg,/kaggle/input/datasets/masoudnickparvar/brain-tumor-mri-dataset/Testing/meningioma/Te-me_30.jpg,meningioma,VGG16,meningioma,0.986328125,pairwise_A_correct_B_wrong_VGG16_vs_EfficientNetB0,VGG16 vs EfficientNetB0: A correct B wrong
724,meningioma/Te-me_30.jpg,/kaggle/input/datasets/masoudnickparvar/brain-tumor-mri-dataset/Testing/meningioma/Te-me_30.jpg,meningioma,EfficientNetB0,glioma,0.544921875,pairwise_A_correct_B_wrong_VGG16_vs_EfficientNetB0,VGG16 vs EfficientNetB0: A correct B wrong
43,glioma/Te-gl_138.jpg,/kaggle/input/datasets/masoudnickparvar/brain-tumor-mri-dataset/Testing/glioma/Te-gl_138.jpg,glioma,VGG16,glioma,0.8310546875,pairwise_A_correct_B_wrong_VGG16_vs_EfficientNetB0,VGG16 vs EfficientNetB0: A correct B wrong
43,glioma/Te-gl_138.jpg,/kaggle/input/datasets/masoudnickparvar/brain-tumor-mri-dataset/Testing/glioma/Te-gl_138.jpg,glioma,EfficientNetB0,meningioma,0.80908203125,pairwise_A_correct_B_wrong_VGG16_vs_EfficientNetB0,VGG16 vs EfficientNetB0: A correct B wrong
569,meningioma/Te-me_159.jpg,/kaggle/input/datasets/masoudnickparvar/brain-tumor-mri-dataset/Testing/meningioma/Te-me_159.jpg,meningioma,VGG16,pituitary,0.771484375,pairwise_A_wrong_B_correct_VGG16_vs_EfficientNetB0,VGG16 vs EfficientNetB0: A wrong B correct
569,meningioma/Te-me_159.jpg,/kaggle/input/datasets/masoudnickparvar/brain-tumor-mri-dataset/Testing/meningioma/Te-me_159.jpg,meningioma,EfficientNetB0,meningioma,0.91748046875,pairwise_A_wrong_B_correct_VGG16_vs_EfficientNetB0,VGG16 vs EfficientNetB0: A wrong B correct
74,glioma/Te-gl_166.jpg,/kaggle/input/datasets/masoudnickparvar/brain-tumor-mri-dataset/Testing/glioma/Te-gl_166.jpg,glioma,VGG16,notumor,0.7431640625,pairwise_A_wrong_B_correct_VGG16_vs_EfficientNetB0,VGG16 vs EfficientNetB0: A wrong B correct
74,glioma/Te-gl_166.jpg,/kaggle/input/datasets/masoudnickparvar/brain-tumor-mri-dataset/Testing/glioma/Te-gl_166.jpg,glioma,EfficientNetB0,glioma,0.97412109375,pairwise_A_wrong_B_correct_VGG16_vs_EfficientNetB0,VGG16 vs EfficientNetB0: A wrong B correct
0,glioma/Te-gl_1.jpg,/kaggle/input/datasets/masoudnickparvar/brain-tumor-mri-dataset/Testing/glioma/Te-gl_1.jpg,glioma,VGG16,meningioma,0.47705078125,pairwise_A_wrong_B_correct_VGG16_vs_EfficientNetB0,VGG16 vs EfficientNetB0: A wrong B correct
0,glioma/Te-gl_1.jpg,/kaggle/input/datasets/masoudnickparvar/brain-tumor-mri-dataset/Testing/glioma/Te-gl_1.jpg,glioma,EfficientNetB0,glioma,0.552734375,pairwise_A_wrong_B_correct_VGG16_vs_EfficientNetB0,VGG16 vs EfficientNetB0: A wrong B correct
144,glioma/Te-gl_229.jpg,/kaggle/input/datasets/masoudnickparvar/brain-tumor-mri-dataset/Testing/glioma/Te-gl_229.jpg,glioma,VGG16,meningioma,0.97802734375,pairwise_A_wrong_B_correct_VGG16_vs_EfficientNetB0,VGG16 vs EfficientNetB0: A wrong B correct
144,glioma/Te-gl_229.jpg,/kaggle/input/datasets/masoudnickparvar/brain-tumor-mri-dataset/Testing/glioma/Te-gl_229.jpg,glioma,EfficientNetB0,glioma,0.83642578125,pairwise_A_wrong_B_correct_VGG16_vs_EfficientNetB0,VGG16 vs EfficientNetB0: A wrong B correct
129,glioma/Te-gl_215.jpg,/kaggle/input/datasets/masoudnickparvar/brain-tumor-mri-dataset/Testing/glioma/Te-gl_215.jpg,glioma,VGG16,meningioma,0.474853515625,pairwise_A_wrong_B_correct_VGG16_vs_EfficientNetB0,VGG16 vs EfficientNetB0: A wrong B correct
129,glioma/Te-gl_215.jpg,/kaggle/input/datasets/masoudnickparvar/brain-tumor-mri-dataset/Testing/glioma/Te-gl_215.jpg,glioma,EfficientNetB0,glioma,0.89892578125,pairwise_A_wrong_B_correct_VGG16_vs_EfficientNetB0,VGG16 vs EfficientNetB0: A wrong B correct
446,meningioma/Te-aug-me_48.jpg,/kaggle/input/datasets/masoudnickparvar/brain-tumor-mri-dataset/Testing/meningioma/Te-aug-me_48.jpg,meningioma,VGG16,pituitary,0.73046875,pairwise_A_wrong_B_correct_VGG16_vs_EfficientNetB0,VGG16 vs EfficientNetB0: A wrong B correct
446,meningioma/Te-aug-me_48.jpg,/kaggle/input/datasets/masoudnickparvar/brain-tumor-mri-dataset/Testing/meningioma/Te-aug-me_48.jpg,meningioma,EfficientNetB0,meningioma,0.537109375,pairwise_A_wrong_B_correct_VGG16_vs_EfficientNetB0,VGG16 vs EfficientNetB0: A wrong B correct
79,glioma/Te-gl_170.jpg,/kaggle/input/datasets/masoudnickparvar/brain-tumor-mri-dataset/Testing/glioma/Te-gl_170.jpg,glioma,VGG16,meningioma,0.7802734375,pairwise_A_wrong_B_correct_VGG16_vs_EfficientNetB0,VGG16 vs EfficientNetB0: A wrong B correct
79,glioma/Te-gl_170.jpg,/kaggle/input/datasets/masoudnickparvar/brain-tumor-mri-dataset/Testing/glioma/Te-gl_170.jpg,glioma,EfficientNetB0,glioma,0.77392578125,pairwise_A_wrong_B_correct_VGG16_vs_EfficientNetB0,VGG16 vs EfficientNetB0: A wrong B correct
1175,notumor/Te-no_77.jpg,/kaggle/input/datasets/masoudnickparvar/brain-tumor-mri-dataset/Testing/notumor/Te-no_77.jpg,notumor,VGG16,meningioma,0.568359375,pairwise_A_wrong_B_correct_VGG16_vs_EfficientNetB0,VGG16 vs EfficientNetB0: A wrong B correct
1175,notumor/Te-no_77.jpg,/kaggle/input/datasets/masoudnickparvar/brain-tumor-mri-dataset/Testing/notumor/Te-no_77.jpg,notumor,EfficientNetB0,notumor,0.90234375,pairwise_A_wrong_B_correct_VGG16_vs_EfficientNetB0,VGG16 vs EfficientNetB0: A wrong B correct
209,glioma/Te-gl_288.jpg,/kaggle/input/datasets/masoudnickparvar/brain-tumor-mri-dataset/Testing/glioma/Te-gl_288.jpg,glioma,VGG16,meningioma,0.66650390625,pairwise_A_wrong_B_correct_VGG16_vs_EfficientNetB0,VGG16 vs EfficientNetB0: A wrong B correct
209,glioma/Te-gl_288.jpg,/kaggle/input/datasets/masoudnickparvar/brain-tumor-mri-dataset/Testing/glioma/Te-gl_288.jpg,glioma,EfficientNetB0,glioma,0.97705078125,pairwise_A_wrong_B_correct_VGG16_vs_EfficientNetB0,VGG16 vs EfficientNetB0: A wrong B correct
212,glioma/Te-gl_290.jpg,/kaggle/input/datasets/masoudnickparvar/brain-tumor-mri-dataset/Testing/glioma/Te-gl_290.jpg,glioma,VGG16,meningioma,0.50439453125,pairwise_A_wrong_B_correct_VGG16_vs_EfficientNetB0,VGG16 vs EfficientNetB0: A wrong B correct
212,glioma/Te-gl_290.jpg,/kaggle/input/datasets/masoudnickparvar/brain-tumor-mri-dataset/Testing/glioma/Te-gl_290.jpg,glioma,EfficientNetB0,glioma,0.7939453125,pairwise_A_wrong_B_correct_VGG16_vs_EfficientNetB0,VGG16 vs EfficientNetB0: A wrong B correct
99,glioma/Te-gl_189.jpg,/kaggle/input/datasets/masoudnickparvar/brain-tumor-mri-dataset/Testing/glioma/Te-gl_189.jpg,glioma,VGG16,notumor,0.927734375,pairwise_both_wrong_different_preds_VGG16_vs_EfficientNetB0,VGG16 vs EfficientNetB0: both wrong different preds
99,glioma/Te-gl_189.jpg,/kaggle/input/datasets/masoudnickparvar/brain-tumor-mri-dataset/Testing/glioma/Te-gl_189.jpg,glioma,EfficientNetB0,meningioma,0.900390625,pairwise_both_wrong_different_preds_VGG16_vs_EfficientNetB0,VGG16 vs EfficientNetB0: both wrong different preds
38,glioma/Te-gl_133.jpg,/kaggle/input/datasets/masoudnickparvar/brain-tumor-mri-dataset/Testing/glioma/Te-gl_133.jpg,glioma,VGG16,meningioma,0.62939453125,pairwise_both_wrong_different_preds_VGG16_vs_EfficientNetB0,VGG16 vs EfficientNetB0: both wrong different preds
38,glioma/Te-gl_133.jpg,/kaggle/input/datasets/masoudnickparvar/brain-tumor-mri-dataset/Testing/glioma/Te-gl_133.jpg,glioma,EfficientNetB0,notumor,0.38037109375,pairwise_both_wrong_different_preds_VGG16_vs_EfficientNetB0,VGG16 vs EfficientNetB0: both wrong different preds
262,glioma/Te-gl_335.jpg,/kaggle/input/datasets/masoudnickparvar/brain-tumor-mri-dataset/Testing/glioma/Te-gl_335.jpg,glioma,VGG16,meningioma,1.0,pairwise_both_wrong_different_preds_VGG16_vs_EfficientNetB0,VGG16 vs EfficientNetB0: both wrong different preds
262,glioma/Te-gl_335.jpg,/kaggle/input/datasets/masoudnickparvar/brain-tumor-mri-dataset/Testing/glioma/Te-gl_335.jpg,glioma,EfficientNetB0,notumor,0.55126953125,pairwise_both_wrong_different_preds_VGG16_vs_EfficientNetB0,VGG16 vs EfficientNetB0: both wrong different preds
127,glioma/Te-gl_213.jpg,/kaggle/input/datasets/masoudnickparvar/brain-tumor-mri-dataset/Testing/glioma/Te-gl_213.jpg,glioma,VGG16,pituitary,0.40576171875,pairwise_both_wrong_different_preds_VGG16_vs_EfficientNetB0,VGG16 vs EfficientNetB0: both wrong different preds
127,glioma/Te-gl_213.jpg,/kaggle/input/datasets/masoudnickparvar/brain-tumor-mri-dataset/Testing/glioma/Te-gl_213.jpg,glioma,EfficientNetB0,meningioma,0.490966796875,pairwise_both_wrong_different_preds_VGG16_vs_EfficientNetB0,VGG16 vs EfficientNetB0: both wrong different preds
1497,pituitary/Te-pi_367.jpg,/kaggle/input/datasets/masoudnickparvar/brain-tumor-mri-dataset/Testing/pituitary/Te-pi_367.jpg,pituitary,VGG16,meningioma,0.68310546875,pairwise_both_wrong_different_preds_VGG16_vs_EfficientNetB0,VGG16 vs EfficientNetB0: both wrong different preds
1497,pituitary/Te-pi_367.jpg,/kaggle/input/datasets/masoudnickparvar/brain-tumor-mri-dataset/Testing/pituitary/Te-pi_367.jpg,pituitary,EfficientNetB0,glioma,0.8173828125,pairwise_both_wrong_different_preds_VGG16_vs_EfficientNetB0,VGG16 vs EfficientNetB0: both wrong different preds
280,glioma/Te-gl_351.jpg,/kaggle/input/datasets/masoudnickparvar/brain-tumor-mri-dataset/Testing/glioma/Te-gl_351.jpg,glioma,VGG16,pituitary,0.5126953125,pairwise_both_wrong_different_preds_VGG16_vs_EfficientNetB0,VGG16 vs EfficientNetB0: both wrong different preds
280,glioma/Te-gl_351.jpg,/kaggle/input/datasets/masoudnickparvar/brain-tumor-mri-dataset/Testing/glioma/Te-gl_351.jpg,glioma,EfficientNetB0,meningioma,0.76318359375,pairwise_both_wrong_different_preds_VGG16_vs_EfficientNetB0,VGG16 vs EfficientNetB0: both wrong different preds
75,glioma/Te-gl_167.jpg,/kaggle/input/datasets/masoudnickparvar/brain-tumor-mri-dataset/Testing/glioma/Te-gl_167.jpg,glioma,VGG16,notumor,0.5263671875,pairwise_both_wrong_different_preds_VGG16_vs_EfficientNetB0,VGG16 vs EfficientNetB0: both wrong different preds
75,glioma/Te-gl_167.jpg,/kaggle/input/datasets/masoudnickparvar/brain-tumor-mri-dataset/Testing/glioma/Te-gl_167.jpg,glioma,EfficientNetB0,pituitary,0.74951171875,pairwise_both_wrong_different_preds_VGG16_vs_EfficientNetB0,VGG16 vs EfficientNetB0: both wrong different preds
66,glioma/Te-gl_159.jpg,/kaggle/input/datasets/masoudnickparvar/brain-tumor-mri-dataset/Testing/glioma/Te-gl_159.jpg,glioma,VGG16,notumor,0.67041015625,pairwise_both_wrong_different_preds_VGG16_vs_EfficientNetB0,VGG16 vs EfficientNetB0: both wrong different preds
66,glioma/Te-gl_159.jpg,/kaggle/input/datasets/masoudnickparvar/brain-tumor-mri-dataset/Testing/glioma/Te-gl_159.jpg,glioma,EfficientNetB0,meningioma,0.437255859375,pairwise_both_wrong_different_preds_VGG16_vs_EfficientNetB0,VGG16 vs EfficientNetB0: both wrong different preds
197,glioma/Te-gl_277.jpg,/kaggle/input/datasets/masoudnickparvar/brain-tumor-mri-dataset/Testing/glioma/Te-gl_277.jpg,glioma,VGG16,meningioma,0.6083984375,pairwise_both_wrong_different_preds_VGG16_vs_EfficientNetB0,VGG16 vs EfficientNetB0: both wrong different preds
197,glioma/Te-gl_277.jpg,/kaggle/input/datasets/masoudnickparvar/brain-tumor-mri-dataset/Testing/glioma/Te-gl_277.jpg,glioma,EfficientNetB0,notumor,0.8154296875,pairwise_both_wrong_different_preds_VGG16_vs_EfficientNetB0,VGG16 vs EfficientNetB0: both wrong different preds
238,glioma/Te-gl_313.jpg,/kaggle/input/datasets/masoudnickparvar/brain-tumor-mri-dataset/Testing/glioma/Te-gl_313.jpg,glioma,VGG16,meningioma,0.55810546875,pairwise_both_wrong_different_preds_VGG16_vs_EfficientNetB0,VGG16 vs EfficientNetB0: both wrong different preds
238,glioma/Te-gl_313.jpg,/kaggle/input/datasets/masoudnickparvar/brain-tumor-mri-dataset/Testing/glioma/Te-gl_313.jpg,glioma,EfficientNetB0,notumor,0.86767578125,pairwise_both_wrong_different_preds_VGG16_vs_EfficientNetB0,VGG16 vs EfficientNetB0: both wrong different preds
167,glioma/Te-gl_25.jpg,/kaggle/input/datasets/masoudnickparvar/brain-tumor-mri-dataset/Testing/glioma/Te-gl_25.jpg,glioma,ResNet50,glioma,0.9873046875,pairwise_A_correct_B_wrong_ResNet50_vs_EfficientNetB0,ResNet50 vs EfficientNetB0: A correct B wrong
167,glioma/Te-gl_25.jpg,/kaggle/input/datasets/masoudnickparvar/brain-tumor-mri-dataset/Testing/glioma/Te-gl_25.jpg,glioma,EfficientNetB0,meningioma,0.72021484375,pairwise_A_correct_B_wrong_ResNet50_vs_EfficientNetB0,ResNet50 vs EfficientNetB0: A correct B wrong
43,glioma/Te-gl_138.jpg,/kaggle/input/datasets/masoudnickparvar/brain-tumor-mri-dataset/Testing/glioma/Te-gl_138.jpg,glioma,ResNet50,glioma,0.97607421875,pairwise_A_correct_B_wrong_ResNet50_vs_EfficientNetB0,ResNet50 vs EfficientNetB0: A correct B wrong
43,glioma/Te-gl_138.jpg,/kaggle/input/datasets/masoudnickparvar/brain-tumor-mri-dataset/Testing/glioma/Te-gl_138.jpg,glioma,EfficientNetB0,meningioma,0.80908203125,pairwise_A_correct_B_wrong_ResNet50_vs_EfficientNetB0,ResNet50 vs EfficientNetB0: A correct B wrong
527,meningioma/Te-me_120.jpg,/kaggle/input/datasets/masoudnickparvar/brain-tumor-mri-dataset/Testing/meningioma/Te-me_120.jpg,meningioma,ResNet50,meningioma,0.99609375,pairwise_A_correct_B_wrong_ResNet50_vs_EfficientNetB0,ResNet50 vs EfficientNetB0: A correct B wrong
527,meningioma/Te-me_120.jpg,/kaggle/input/datasets/masoudnickparvar/brain-tumor-mri-dataset/Testing/meningioma/Te-me_120.jpg,meningioma,EfficientNetB0,glioma,0.8154296875,pairwise_A_correct_B_wrong_ResNet50_vs_EfficientNetB0,ResNet50 vs EfficientNetB0: A correct B wrong
455,meningioma/Te-aug-me_56.jpg,/kaggle/input/datasets/masoudnickparvar/brain-tumor-mri-dataset/Testing/meningioma/Te-aug-me_56.jpg,meningioma,ResNet50,meningioma,0.85693359375,pairwise_A_correct_B_wrong_ResNet50_vs_EfficientNetB0,ResNet50 vs EfficientNetB0: A correct B wrong
455,meningioma/Te-aug-me_56.jpg,/kaggle/input/datasets/masoudnickparvar/brain-tumor-mri-dataset/Testing/meningioma/Te-aug-me_56.jpg,meningioma,EfficientNetB0,glioma,0.6962890625,pairwise_A_correct_B_wrong_ResNet50_vs_EfficientNetB0,ResNet50 vs EfficientNetB0: A correct B wrong
355,glioma/Te-gl_59.jpg,/kaggle/input/datasets/masoudnickparvar/brain-tumor-mri-dataset/Testing/glioma/Te-gl_59.jpg,glioma,ResNet50,glioma,0.56591796875,pairwise_A_correct_B_wrong_ResNet50_vs_EfficientNetB0,ResNet50 vs EfficientNetB0: A correct B wrong
355,glioma/Te-gl_59.jpg,/kaggle/input/datasets/masoudnickparvar/brain-tumor-mri-dataset/Testing/glioma/Te-gl_59.jpg,glioma,EfficientNetB0,notumor,0.88037109375,pairwise_A_correct_B_wrong_ResNet50_vs_EfficientNetB0,ResNet50 vs EfficientNetB0: A correct B wrong
223,glioma/Te-gl_30.jpg,/kaggle/input/datasets/masoudnickparvar/brain-tumor-mri-dataset/Testing/glioma/Te-gl_30.jpg,glioma,ResNet50,glioma,0.9951171875,pairwise_A_correct_B_wrong_ResNet50_vs_EfficientNetB0,ResNet50 vs EfficientNetB0: A correct B wrong
223,glioma/Te-gl_30.jpg,/kaggle/input/datasets/masoudnickparvar/brain-tumor-mri-dataset/Testing/glioma/Te-gl_30.jpg,glioma,EfficientNetB0,meningioma,0.6337890625,pairwise_A_correct_B_wrong_ResNet50_vs_EfficientNetB0,ResNet50 vs EfficientNetB0: A correct B wrong
164,glioma/Te-gl_247.jpg,/kaggle/input/datasets/masoudnickparvar/brain-tumor-mri-dataset/Testing/glioma/Te-gl_247.jpg,glioma,ResNet50,glioma,0.95263671875,pairwise_A_correct_B_wrong_ResNet50_vs_EfficientNetB0,ResNet50 vs EfficientNetB0: A correct B wrong
164,glioma/Te-gl_247.jpg,/kaggle/input/datasets/masoudnickparvar/brain-tumor-mri-dataset/Testing/glioma/Te-gl_247.jpg,glioma,EfficientNetB0,meningioma,0.9052734375,pairwise_A_correct_B_wrong_ResNet50_vs_EfficientNetB0,ResNet50 vs EfficientNetB0: A correct B wrong
662,meningioma/Te-me_242.jpg,/kaggle/input/datasets/masoudnickparvar/brain-tumor-mri-dataset/Testing/meningioma/Te-me_242.jpg,meningioma,ResNet50,meningioma,1.0,pairwise_A_correct_B_wrong_ResNet50_vs_EfficientNetB0,ResNet50 vs EfficientNetB0: A correct B wrong
662,meningioma/Te-me_242.jpg,/kaggle/input/datasets/masoudnickparvar/brain-tumor-mri-dataset/Testing/meningioma/Te-me_242.jpg,meningioma,EfficientNetB0,pituitary,0.9267578125,pairwise_A_correct_B_wrong_ResNet50_vs_EfficientNetB0,ResNet50 vs EfficientNetB0: A correct B wrong
695,meningioma/Te-me_272.jpg,/kaggle/input/datasets/masoudnickparvar/brain-tumor-mri-dataset/Testing/meningioma/Te-me_272.jpg,meningioma,ResNet50,meningioma,0.75341796875,pairwise_A_correct_B_wrong_ResNet50_vs_EfficientNetB0,ResNet50 vs EfficientNetB0: A correct B wrong
695,meningioma/Te-me_272.jpg,/kaggle/input/datasets/masoudnickparvar/brain-tumor-mri-dataset/Testing/meningioma/Te-me_272.jpg,meningioma,EfficientNetB0,pituitary,0.591796875,pairwise_A_correct_B_wrong_ResNet50_vs_EfficientNetB0,ResNet50 vs EfficientNetB0: A correct B wrong
792,meningioma/Te-me_92.jpg,/kaggle/input/datasets/masoudnickparvar/brain-tumor-mri-dataset/Testing/meningioma/Te-me_92.jpg,meningioma,ResNet50,meningioma,0.83984375,pairwise_A_correct_B_wrong_ResNet50_vs_EfficientNetB0,ResNet50 vs EfficientNetB0: A correct B wrong
792,meningioma/Te-me_92.jpg,/kaggle/input/datasets/masoudnickparvar/brain-tumor-mri-dataset/Testing/meningioma/Te-me_92.jpg,meningioma,EfficientNetB0,pituitary,0.93505859375,pairwise_A_correct_B_wrong_ResNet50_vs_EfficientNetB0,ResNet50 vs EfficientNetB0: A correct B wrong
557,meningioma/Te-me_148.jpg,/kaggle/input/datasets/masoudnickparvar/brain-tumor-mri-dataset/Testing/meningioma/Te-me_148.jpg,meningioma,ResNet50,glioma,0.75244140625,pairwise_A_wrong_B_correct_ResNet50_vs_EfficientNetB0,ResNet50 vs EfficientNetB0: A wrong B correct
557,meningioma/Te-me_148.jpg,/kaggle/input/datasets/masoudnickparvar/brain-tumor-mri-dataset/Testing/meningioma/Te-me_148.jpg,meningioma,EfficientNetB0,meningioma,0.58056640625,pairwise_A_wrong_B_correct_ResNet50_vs_EfficientNetB0,ResNet50 vs EfficientNetB0: A wrong B correct
74,glioma/Te-gl_166.jpg,/kaggle/input/datasets/masoudnickparvar/brain-tumor-mri-dataset/Testing/glioma/Te-gl_166.jpg,glioma,ResNet50,notumor,0.7421875,pairwise_A_wrong_B_correct_ResNet50_vs_EfficientNetB0,ResNet50 vs EfficientNetB0: A wrong B correct
74,glioma/Te-gl_166.jpg,/kaggle/input/datasets/masoudnickparvar/brain-tumor-mri-dataset/Testing/glioma/Te-gl_166.jpg,glioma,EfficientNetB0,glioma,0.97412109375,pairwise_A_wrong_B_correct_ResNet50_vs_EfficientNetB0,ResNet50 vs EfficientNetB0: A wrong B correct
0,glioma/Te-gl_1.jpg,/kaggle/input/datasets/masoudnickparvar/brain-tumor-mri-dataset/Testing/glioma/Te-gl_1.jpg,glioma,ResNet50,pituitary,0.60498046875,pairwise_A_wrong_B_correct_ResNet50_vs_EfficientNetB0,ResNet50 vs EfficientNetB0: A wrong B correct
0,glioma/Te-gl_1.jpg,/kaggle/input/datasets/masoudnickparvar/brain-tumor-mri-dataset/Testing/glioma/Te-gl_1.jpg,glioma,EfficientNetB0,glioma,0.552734375,pairwise_A_wrong_B_correct_ResNet50_vs_EfficientNetB0,ResNet50 vs EfficientNetB0: A wrong B correct
644,meningioma/Te-me_226.jpg,/kaggle/input/datasets/masoudnickparvar/brain-tumor-mri-dataset/Testing/meningioma/Te-me_226.jpg,meningioma,ResNet50,glioma,0.87890625,pairwise_A_wrong_B_correct_ResNet50_vs_EfficientNetB0,ResNet50 vs EfficientNetB0: A wrong B correct
644,meningioma/Te-me_226.jpg,/kaggle/input/datasets/masoudnickparvar/brain-tumor-mri-dataset/Testing/meningioma/Te-me_226.jpg,meningioma,EfficientNetB0,meningioma,0.7265625,pairwise_A_wrong_B_correct_ResNet50_vs_EfficientNetB0,ResNet50 vs EfficientNetB0: A wrong B correct
404,meningioma/Te-aug-me_102.jpg,/kaggle/input/datasets/masoudnickparvar/brain-tumor-mri-dataset/Testing/meningioma/Te-aug-me_102.jpg,meningioma,ResNet50,pituitary,0.9892578125,pairwise_A_wrong_B_correct_ResNet50_vs_EfficientNetB0,ResNet50 vs EfficientNetB0: A wrong B correct
404,meningioma/Te-aug-me_102.jpg,/kaggle/input/datasets/masoudnickparvar/brain-tumor-mri-dataset/Testing/meningioma/Te-aug-me_102.jpg,meningioma,EfficientNetB0,meningioma,0.609375,pairwise_A_wrong_B_correct_ResNet50_vs_EfficientNetB0,ResNet50 vs EfficientNetB0: A wrong B correct
381,glioma/Te-gl_82.jpg,/kaggle/input/datasets/masoudnickparvar/brain-tumor-mri-dataset/Testing/glioma/Te-gl_82.jpg,glioma,ResNet50,meningioma,0.564453125,pairwise_A_wrong_B_correct_ResNet50_vs_EfficientNetB0,ResNet50 vs EfficientNetB0: A wrong B correct
381,glioma/Te-gl_82.jpg,/kaggle/input/datasets/masoudnickparvar/brain-tumor-mri-dataset/Testing/glioma/Te-gl_82.jpg,glioma,EfficientNetB0,glioma,0.481689453125,pairwise_A_wrong_B_correct_ResNet50_vs_EfficientNetB0,ResNet50 vs EfficientNetB0: A wrong B correct
730,meningioma/Te-me_36.jpg,/kaggle/input/datasets/masoudnickparvar/brain-tumor-mri-dataset/Testing/meningioma/Te-me_36.jpg,meningioma,ResNet50,glioma,0.88720703125,pairwise_A_wrong_B_correct_ResNet50_vs_EfficientNetB0,ResNet50 vs EfficientNetB0: A wrong B correct
730,meningioma/Te-me_36.jpg,/kaggle/input/datasets/masoudnickparvar/brain-tumor-mri-dataset/Testing/meningioma/Te-me_36.jpg,meningioma,EfficientNetB0,meningioma,0.72412109375,pairwise_A_wrong_B_correct_ResNet50_vs_EfficientNetB0,ResNet50 vs EfficientNetB0: A wrong B correct
198,glioma/Te-gl_278.jpg,/kaggle/input/datasets/masoudnickparvar/brain-tumor-mri-dataset/Testing/glioma/Te-gl_278.jpg,glioma,ResNet50,notumor,0.7421875,pairwise_A_wrong_B_correct_ResNet50_vs_EfficientNetB0,ResNet50 vs EfficientNetB0: A wrong B correct
198,glioma/Te-gl_278.jpg,/kaggle/input/datasets/masoudnickparvar/brain-tumor-mri-dataset/Testing/glioma/Te-gl_278.jpg,glioma,EfficientNetB0,glioma,0.97412109375,pairwise_A_wrong_B_correct_ResNet50_vs_EfficientNetB0,ResNet50 vs EfficientNetB0: A wrong B correct
788,meningioma/Te-me_89.jpg,/kaggle/input/datasets/masoudnickparvar/brain-tumor-mri-dataset/Testing/meningioma/Te-me_89.jpg,meningioma,ResNet50,glioma,0.60400390625,pairwise_A_wrong_B_correct_ResNet50_vs_EfficientNetB0,ResNet50 vs EfficientNetB0: A wrong B correct
788,meningioma/Te-me_89.jpg,/kaggle/input/datasets/masoudnickparvar/brain-tumor-mri-dataset/Testing/meningioma/Te-me_89.jpg,meningioma,EfficientNetB0,meningioma,0.875,pairwise_A_wrong_B_correct_ResNet50_vs_EfficientNetB0,ResNet50 vs EfficientNetB0: A wrong B correct
535,meningioma/Te-me_128.jpg,/kaggle/input/datasets/masoudnickparvar/brain-tumor-mri-dataset/Testing/meningioma/Te-me_128.jpg,meningioma,ResNet50,pituitary,0.6015625,pairwise_A_wrong_B_correct_ResNet50_vs_EfficientNetB0,ResNet50 vs EfficientNetB0: A wrong B correct
535,meningioma/Te-me_128.jpg,/kaggle/input/datasets/masoudnickparvar/brain-tumor-mri-dataset/Testing/meningioma/Te-me_128.jpg,meningioma,EfficientNetB0,meningioma,0.744140625,pairwise_A_wrong_B_correct_ResNet50_vs_EfficientNetB0,ResNet50 vs EfficientNetB0: A wrong B correct
595,meningioma/Te-me_182.jpg,/kaggle/input/datasets/masoudnickparvar/brain-tumor-mri-dataset/Testing/meningioma/Te-me_182.jpg,meningioma,ResNet50,glioma,0.85888671875,pairwise_both_wrong_different_preds_ResNet50_vs_EfficientNetB0,ResNet50 vs EfficientNetB0: both wrong different preds
595,meningioma/Te-me_182.jpg,/kaggle/input/datasets/masoudnickparvar/brain-tumor-mri-dataset/Testing/meningioma/Te-me_182.jpg,meningioma,EfficientNetB0,notumor,0.51904296875,pairwise_both_wrong_different_preds_ResNet50_vs_EfficientNetB0,ResNet50 vs EfficientNetB0: both wrong different preds
68,glioma/Te-gl_160.jpg,/kaggle/input/datasets/masoudnickparvar/brain-tumor-mri-dataset/Testing/glioma/Te-gl_160.jpg,glioma,ResNet50,pituitary,0.9453125,pairwise_both_wrong_different_preds_ResNet50_vs_EfficientNetB0,ResNet50 vs EfficientNetB0: both wrong different preds
68,glioma/Te-gl_160.jpg,/kaggle/input/datasets/masoudnickparvar/brain-tumor-mri-dataset/Testing/glioma/Te-gl_160.jpg,glioma,EfficientNetB0,meningioma,0.95166015625,pairwise_both_wrong_different_preds_ResNet50_vs_EfficientNetB0,ResNet50 vs EfficientNetB0: both wrong different preds
5,glioma/Te-gl_103.jpg,/kaggle/input/datasets/masoudnickparvar/brain-tumor-mri-dataset/Testing/glioma/Te-gl_103.jpg,glioma,ResNet50,notumor,0.9853515625,pairwise_both_wrong_different_preds_ResNet50_vs_EfficientNetB0,ResNet50 vs EfficientNetB0: both wrong different preds
5,glioma/Te-gl_103.jpg,/kaggle/input/datasets/masoudnickparvar/brain-tumor-mri-dataset/Testing/glioma/Te-gl_103.jpg,glioma,EfficientNetB0,meningioma,0.9541015625,pairwise_both_wrong_different_preds_ResNet50_vs_EfficientNetB0,ResNet50 vs EfficientNetB0: both wrong different preds
217,glioma/Te-gl_295.jpg,/kaggle/input/datasets/masoudnickparvar/brain-tumor-mri-dataset/Testing/glioma/Te-gl_295.jpg,glioma,ResNet50,notumor,0.51904296875,pairwise_both_wrong_different_preds_ResNet50_vs_EfficientNetB0,ResNet50 vs EfficientNetB0: both wrong different preds
217,glioma/Te-gl_295.jpg,/kaggle/input/datasets/masoudnickparvar/brain-tumor-mri-dataset/Testing/glioma/Te-gl_295.jpg,glioma,EfficientNetB0,meningioma,0.7080078125,pairwise_both_wrong_different_preds_ResNet50_vs_EfficientNetB0,ResNet50 vs EfficientNetB0: both wrong different preds
183,glioma/Te-gl_264.jpg,/kaggle/input/datasets/masoudnickparvar/brain-tumor-mri-dataset/Testing/glioma/Te-gl_264.jpg,glioma,ResNet50,meningioma,1.0,pairwise_both_wrong_different_preds_ResNet50_vs_EfficientNetB0,ResNet50 vs EfficientNetB0: both wrong different preds
183,glioma/Te-gl_264.jpg,/kaggle/input/datasets/masoudnickparvar/brain-tumor-mri-dataset/Testing/glioma/Te-gl_264.jpg,glioma,EfficientNetB0,notumor,0.87890625,pairwise_both_wrong_different_preds_ResNet50_vs_EfficientNetB0,ResNet50 vs EfficientNetB0: both wrong different preds
1497,pituitary/Te-pi_367.jpg,/kaggle/input/datasets/masoudnickparvar/brain-tumor-mri-dataset/Testing/pituitary/Te-pi_367.jpg,pituitary,ResNet50,meningioma,0.5439453125,pairwise_both_wrong_different_preds_ResNet50_vs_EfficientNetB0,ResNet50 vs EfficientNetB0: both wrong different preds
1497,pituitary/Te-pi_367.jpg,/kaggle/input/datasets/masoudnickparvar/brain-tumor-mri-dataset/Testing/pituitary/Te-pi_367.jpg,pituitary,EfficientNetB0,glioma,0.8173828125,pairwise_both_wrong_different_preds_ResNet50_vs_EfficientNetB0,ResNet50 vs EfficientNetB0: both wrong different preds
99,glioma/Te-gl_189.jpg,/kaggle/input/datasets/masoudnickparvar/brain-tumor-mri-dataset/Testing/glioma/Te-gl_189.jpg,glioma,ResNet50,notumor,0.630859375,pairwise_both_wrong_different_preds_ResNet50_vs_EfficientNetB0,ResNet50 vs EfficientNetB0: both wrong different preds
99,glioma/Te-gl_189.jpg,/kaggle/input/datasets/masoudnickparvar/brain-tumor-mri-dataset/Testing/glioma/Te-gl_189.jpg,glioma,EfficientNetB0,meningioma,0.900390625,pairwise_both_wrong_different_preds_ResNet50_vs_EfficientNetB0,ResNet50 vs EfficientNetB0: both wrong different preds
784,meningioma/Te-me_85.jpg,/kaggle/input/datasets/masoudnickparvar/brain-tumor-mri-dataset/Testing/meningioma/Te-me_85.jpg,meningioma,ResNet50,pituitary,0.654296875,pairwise_both_wrong_different_preds_ResNet50_vs_EfficientNetB0,ResNet50 vs EfficientNetB0: both wrong different preds
784,meningioma/Te-me_85.jpg,/kaggle/input/datasets/masoudnickparvar/brain-tumor-mri-dataset/Testing/meningioma/Te-me_85.jpg,meningioma,EfficientNetB0,glioma,0.51318359375,pairwise_both_wrong_different_preds_ResNet50_vs_EfficientNetB0,ResNet50 vs EfficientNetB0: both wrong different preds
66,glioma/Te-gl_159.jpg,/kaggle/input/datasets/masoudnickparvar/brain-tumor-mri-dataset/Testing/glioma/Te-gl_159.jpg,glioma,ResNet50,notumor,0.97802734375,pairwise_both_wrong_different_preds_ResNet50_vs_EfficientNetB0,ResNet50 vs EfficientNetB0: both wrong different preds
66,glioma/Te-gl_159.jpg,/kaggle/input/datasets/masoudnickparvar/brain-tumor-mri-dataset/Testing/glioma/Te-gl_159.jpg,glioma,EfficientNetB0,meningioma,0.437255859375,pairwise_both_wrong_different_preds_ResNet50_vs_EfficientNetB0,ResNet50 vs EfficientNetB0: both wrong different preds
280,glioma/Te-gl_351.jpg,/kaggle/input/datasets/masoudnickparvar/brain-tumor-mri-dataset/Testing/glioma/Te-gl_351.jpg,glioma,ResNet50,notumor,0.87353515625,pairwise_both_wrong_different_preds_ResNet50_vs_EfficientNetB0,ResNet50 vs EfficientNetB0: both wrong different preds
280,glioma/Te-gl_351.jpg,/kaggle/input/datasets/masoudnickparvar/brain-tumor-mri-dataset/Testing/glioma/Te-gl_351.jpg,glioma,EfficientNetB0,meningioma,0.76318359375,pairwise_both_wrong_different_preds_ResNet50_vs_EfficientNetB0,ResNet50 vs EfficientNetB0: both wrong different preds
338,glioma/Te-gl_43.jpg,/kaggle/input/datasets/masoudnickparvar/brain-tumor-mri-dataset/Testing/glioma/Te-gl_43.jpg,glioma,VGG16,meningioma,0.54443359375,glioma_meningioma_confusion,VGG16 confused glioma/meningioma
46,glioma/Te-gl_140.jpg,/kaggle/input/datasets/masoudnickparvar/brain-tumor-mri-dataset/Testing/glioma/Te-gl_140.jpg,glioma,VGG16,meningioma,1.0,glioma_meningioma_confusion,VGG16 confused glioma/meningioma
8,glioma/Te-gl_106.jpg,/kaggle/input/datasets/masoudnickparvar/brain-tumor-mri-dataset/Testing/glioma/Te-gl_106.jpg,glioma,VGG16,meningioma,0.9951171875,glioma_meningioma_confusion,VGG16 confused glioma/meningioma
374,glioma/Te-gl_76.jpg,/kaggle/input/datasets/masoudnickparvar/brain-tumor-mri-dataset/Testing/glioma/Te-gl_76.jpg,glioma,VGG16,meningioma,1.0,glioma_meningioma_confusion,VGG16 confused glioma/meningioma
125,glioma/Te-gl_211.jpg,/kaggle/input/datasets/masoudnickparvar/brain-tumor-mri-dataset/Testing/glioma/Te-gl_211.jpg,glioma,VGG16,meningioma,0.9716796875,glioma_meningioma_confusion,VGG16 confused glioma/meningioma
97,glioma/Te-gl_187.jpg,/kaggle/input/datasets/masoudnickparvar/brain-tumor-mri-dataset/Testing/glioma/Te-gl_187.jpg,glioma,VGG16,meningioma,0.74072265625,glioma_meningioma_confusion,VGG16 confused glioma/meningioma
87,glioma/Te-gl_178.jpg,/kaggle/input/datasets/masoudnickparvar/brain-tumor-mri-dataset/Testing/glioma/Te-gl_178.jpg,glioma,VGG16,meningioma,0.7802734375,glioma_meningioma_confusion,VGG16 confused glioma/meningioma
56,glioma/Te-gl_15.jpg,/kaggle/input/datasets/masoudnickparvar/brain-tumor-mri-dataset/Testing/glioma/Te-gl_15.jpg,glioma,VGG16,meningioma,0.9677734375,glioma_meningioma_confusion,VGG16 confused glioma/meningioma
38,glioma/Te-gl_133.jpg,/kaggle/input/datasets/masoudnickparvar/brain-tumor-mri-dataset/Testing/glioma/Te-gl_133.jpg,glioma,VGG16,meningioma,0.62939453125,glioma_meningioma_confusion,VGG16 confused glioma/meningioma
352,glioma/Te-gl_56.jpg,/kaggle/input/datasets/masoudnickparvar/brain-tumor-mri-dataset/Testing/glioma/Te-gl_56.jpg,glioma,VGG16,meningioma,0.68701171875,glioma_meningioma_confusion,VGG16 confused glioma/meningioma
127,glioma/Te-gl_213.jpg,/kaggle/input/datasets/masoudnickparvar/brain-tumor-mri-dataset/Testing/glioma/Te-gl_213.jpg,glioma,ResNet50,meningioma,0.7529296875,glioma_meningioma_confusion,ResNet50 confused glioma/meningioma
11,glioma/Te-gl_109.jpg,/kaggle/input/datasets/masoudnickparvar/brain-tumor-mri-dataset/Testing/glioma/Te-gl_109.jpg,glioma,ResNet50,meningioma,0.9990234375,glioma_meningioma_confusion,ResNet50 confused glioma/meningioma
416,meningioma/Te-aug-me_20.jpg,/kaggle/input/datasets/masoudnickparvar/brain-tumor-mri-dataset/Testing/meningioma/Te-aug-me_20.jpg,meningioma,ResNet50,glioma,0.61083984375,glioma_meningioma_confusion,ResNet50 confused glioma/meningioma
182,glioma/Te-gl_263.jpg,/kaggle/input/datasets/masoudnickparvar/brain-tumor-mri-dataset/Testing/glioma/Te-gl_263.jpg,glioma,ResNet50,meningioma,0.671875,glioma_meningioma_confusion,ResNet50 confused glioma/meningioma
143,glioma/Te-gl_228.jpg,/kaggle/input/datasets/masoudnickparvar/brain-tumor-mri-dataset/Testing/glioma/Te-gl_228.jpg,glioma,ResNet50,meningioma,1.0,glioma_meningioma_confusion,ResNet50 confused glioma/meningioma
788,meningioma/Te-me_89.jpg,/kaggle/input/datasets/masoudnickparvar/brain-tumor-mri-dataset/Testing/meningioma/Te-me_89.jpg,meningioma,ResNet50,glioma,0.60400390625,glioma_meningioma_confusion,ResNet50 confused glioma/meningioma
58,glioma/Te-gl_151.jpg,/kaggle/input/datasets/masoudnickparvar/brain-tumor-mri-dataset/Testing/glioma/Te-gl_151.jpg,glioma,ResNet50,meningioma,0.994140625,glioma_meningioma_confusion,ResNet50 confused glioma/meningioma
730,meningioma/Te-me_36.jpg,/kaggle/input/datasets/masoudnickparvar/brain-tumor-mri-dataset/Testing/meningioma/Te-me_36.jpg,meningioma,ResNet50,glioma,0.88720703125,glioma_meningioma_confusion,ResNet50 confused glioma/meningioma
46,glioma/Te-gl_140.jpg,/kaggle/input/datasets/masoudnickparvar/brain-tumor-mri-dataset/Testing/glioma/Te-gl_140.jpg,glioma,ResNet50,meningioma,0.8359375,glioma_meningioma_confusion,ResNet50 confused glioma/meningioma
381,glioma/Te-gl_82.jpg,/kaggle/input/datasets/masoudnickparvar/brain-tumor-mri-dataset/Testing/glioma/Te-gl_82.jpg,glioma,ResNet50,meningioma,0.564453125,glioma_meningioma_confusion,ResNet50 confused glioma/meningioma
728,meningioma/Te-me_34.jpg,/kaggle/input/datasets/masoudnickparvar/brain-tumor-mri-dataset/Testing/meningioma/Te-me_34.jpg,meningioma,EfficientNetB0,glioma,0.9697265625,glioma_meningioma_confusion,EfficientNetB0 confused glioma/meningioma
68,glioma/Te-gl_160.jpg,/kaggle/input/datasets/masoudnickparvar/brain-tumor-mri-dataset/Testing/glioma/Te-gl_160.jpg,glioma,EfficientNetB0,meningioma,0.95166015625,glioma_meningioma_confusion,EfficientNetB0 confused glioma/meningioma
11,glioma/Te-gl_109.jpg,/kaggle/input/datasets/masoudnickparvar/brain-tumor-mri-dataset/Testing/glioma/Te-gl_109.jpg,glioma,EfficientNetB0,meningioma,0.98193359375,glioma_meningioma_confusion,EfficientNetB0 confused glioma/meningioma
217,glioma/Te-gl_295.jpg,/kaggle/input/datasets/masoudnickparvar/brain-tumor-mri-dataset/Testing/glioma/Te-gl_295.jpg,glioma,EfficientNetB0,meningioma,0.7080078125,glioma_meningioma_confusion,EfficientNetB0 confused glioma/meningioma
189,glioma/Te-gl_27.jpg,/kaggle/input/datasets/masoudnickparvar/brain-tumor-mri-dataset/Testing/glioma/Te-gl_27.jpg,glioma,EfficientNetB0,meningioma,0.5390625,glioma_meningioma_confusion,EfficientNetB0 confused glioma/meningioma
164,glioma/Te-gl_247.jpg,/kaggle/input/datasets/masoudnickparvar/brain-tumor-mri-dataset/Testing/glioma/Te-gl_247.jpg,glioma,EfficientNetB0,meningioma,0.9052734375,glioma_meningioma_confusion,EfficientNetB0 confused glioma/meningioma
97,glioma/Te-gl_187.jpg,/kaggle/input/datasets/masoudnickparvar/brain-tumor-mri-dataset/Testing/glioma/Te-gl_187.jpg,glioma,EfficientNetB0,meningioma,0.82763671875,glioma_meningioma_confusion,EfficientNetB0 confused glioma/meningioma
66,glioma/Te-gl_159.jpg,/kaggle/input/datasets/masoudnickparvar/brain-tumor-mri-dataset/Testing/glioma/Te-gl_159.jpg,glioma,EfficientNetB0,meningioma,0.437255859375,glioma_meningioma_confusion,EfficientNetB0 confused glioma/meningioma
495,meningioma/Te-aug-me_92.jpg,/kaggle/input/datasets/masoudnickparvar/brain-tumor-mri-dataset/Testing/meningioma/Te-aug-me_92.jpg,meningioma,EfficientNetB0,glioma,0.94970703125,glioma_meningioma_confusion,EfficientNetB0 confused glioma/meningioma
58,glioma/Te-gl_151.jpg,/kaggle/input/datasets/masoudnickparvar/brain-tumor-mri-dataset/Testing/glioma/Te-gl_151.jpg,glioma,EfficientNetB0,meningioma,0.7392578125,glioma_meningioma_confusion,EfficientNetB0 confused glioma/meningioma
