scope,metric,group_a,group_b,label,n_a,n_b,mean_a,mean_b,median_a,median_b,mean_diff,mean_diff_lo,mean_diff_hi,median_diff,median_diff_lo,median_diff_hi,mw_U,mw_p,cliffs_delta,cliffs_delta_lo,cliffs_delta_hi,magnitude,family,tier,model,note
image_level,mean_conf,shared_failure,one_model_failure,image_level: shared_failure vs one_model_failure [mean_conf],72,95,0.8356865776909722,0.8235522889254385,0.854248046875,0.8269856770833334,0.012134288765533685,-0.018537586353443325,0.04372470937509528,0.02726236979166663,-0.018312581380208443,0.07120768229166663,3838.5,0.17676046887192676,0.12236842105263158,-0.07048245614035088,0.3181359649122807,negligible,P2_image_level_shared_vs_specific,primary,,
image_level,min_conf,shared_failure,one_model_failure,image_level: shared_failure vs one_model_failure [min_conf],72,95,0.6995747884114584,0.6335526315789474,0.680908203125,0.60400390625,0.066022156832511,0.018953236362390356,0.11361455549273577,0.076904296875,0.020751953125,0.15380859375,4285.5,0.005184859221673199,0.2530701754385965,0.07703947368421052,0.43176535087719276,small,P2_image_level_shared_vs_specific,primary,,
image_level,conf_range,shared_failure,one_model_failure,image_level: shared_failure vs one_model_failure [conf_range],72,95,0.24217054578993055,0.3287314967105263,0.239501953125,0.34912109375,-0.08656095092059576,-0.12717446667409082,-0.04313209578307755,-0.109619140625,-0.183349609375,-0.04320068359375018,2170.5,5.431142856443859e-05,-0.3653508771929825,-0.5253179824561404,-0.19544590643274865,medium,P2_image_level_shared_vs_specific,primary,,
image_level,mean_ptrue,shared_failure,one_model_failure,image_level: shared_failure vs one_model_failure [mean_ptrue],72,95,0.0575817045238283,0.6809683849937037,0.02026716868082682,0.6942545572916666,-0.6233866804698754,-0.6516403473343619,-0.5946996204400359,-0.6739873886108398,-0.694824198881785,-0.6349049806594849,1.0,2.26483598186795e-28,-0.9997076023391813,-1.0,-0.9982456140350877,large,P2_image_level_shared_vs_specific,primary,,
image_level,min_ptrue,shared_failure,one_model_failure,image_level: shared_failure vs one_model_failure [min_ptrue],72,95,0.022386457357141707,0.2577540447837428,0.0001442432403564453,0.26123046875,-0.2353675874266011,-0.2692113554980933,-0.20122029131659644,-0.26108622550964355,-0.33137779384851457,-0.19831936955451965,318.0,1.1374977032978813e-23,-0.9070175438596492,-0.9579093567251462,-0.8453143274853802,large,P2_image_level_shared_vs_specific,primary,,
image_level,mean_conf_wrong_models,shared_failure,one_model_failure,image_level: shared_failure vs one_model_failure [mean_conf_wrong_models],72,95,0.8356865776909722,0.6855057565789474,0.854248046875,0.64453125,0.1501808211120248,0.10995010048790047,0.19071313928674777,0.209716796875,0.12254638671875001,0.26692708333333337,5257.0,2.9426439968537016e-09,0.5371345029239766,0.3973538011695907,0.6710672514619882,large,S_image_level_wrong_model_metrics,secondary,,
image_level,mean_ptrue_wrong_models,shared_failure,one_model_failure,image_level: shared_failure vs one_model_failure [mean_ptrue_wrong_models],72,95,0.0575817045238283,0.2577540447837428,0.02026716868082682,0.26123046875,-0.2001723402599145,-0.23629867434893784,-0.16325907831477846,-0.2409633000691732,-0.3102620244026184,-0.17875734965006523,815.0,3.876167624211314e-17,-0.7616959064327485,-0.8523391812865497,-0.6523172514619884,large,S_image_level_wrong_model_metrics,secondary,,
image_level,mean_conf,shared_failure,two_model_failures,image_level: shared_failure vs two_model_failures [mean_conf],72,35,0.8356865776909722,0.7890880766369047,0.854248046875,0.8009440104166666,0.04659850105406749,0.005758392495452952,0.08703437280402582,0.05330403645833337,0.0033365885416667407,0.12581990559895828,1603.5,0.02274661787579575,0.2726190476190476,0.04123015873015873,0.476984126984127,small,S_difficulty_other_contrasts,secondary,,
image_level,min_conf,shared_failure,two_model_failures,image_level: shared_failure vs two_model_failures [min_conf],72,35,0.6995747884114584,0.6467843191964285,0.680908203125,0.64794921875,0.052790469215029834,-0.0037081327892485244,0.10899633498418905,0.032958984375,-0.045654296875,0.14846191406249964,1497.0,0.1163011815053878,0.1880952380952381,-0.04366071428571428,0.40557539682539673,small,S_difficulty_other_contrasts,secondary,,
image_level,conf_range,shared_failure,two_model_failures,image_level: shared_failure vs two_model_failures [conf_range],72,35,0.24217054578993055,0.2793596540178571,0.239501953125,0.28662109375,-0.037189108227926565,-0.09035128881060892,0.019959515768384162,-0.047119140625,-0.132818603515625,0.038818359375,1050.5,0.16518138509339952,-0.16626984126984126,-0.38532738095238095,0.07822420634920609,small,S_difficulty_other_contrasts,secondary,,
image_level,mean_ptrue,shared_failure,two_model_failures,image_level: shared_failure vs two_model_failures [mean_ptrue],72,35,0.0575817045238283,0.3915821438743955,0.02026716868082682,0.38329188028971356,-0.3340004393505672,-0.3713355616434778,-0.2974012582924552,-0.3630247116088867,-0.4122184117635091,-0.32099682117501915,33.0,3.811851662654643e-16,-0.9738095238095238,-0.996031746031746,-0.9388888888888889,large,S_difficulty_other_contrasts,secondary,,
image_level,min_ptrue,shared_failure,two_model_failures,image_level: shared_failure vs two_model_failures [min_ptrue],72,35,0.022386457357141707,0.09197229657854353,0.0001442432403564453,0.053009033203125,-0.06958583922140182,-0.10951945627137782,-0.03541360499366881,-0.052864789962768555,-0.1046742096543312,-0.026939868927001953,353.0,1.601448979679439e-09,-0.7198412698412698,-0.8428968253968254,-0.5769642857142858,large,S_difficulty_other_contrasts,secondary,,
image_level,mean_conf_wrong_models,shared_failure,two_model_failures,image_level: shared_failure vs two_model_failures [mean_conf_wrong_models],72,35,0.8356865776909722,0.7651332310267858,0.854248046875,0.74267578125,0.07055334666418644,0.02091976428158058,0.11885545195725854,0.111572265625,0.031005859375,0.174072265625,1653.0,0.009150731190319401,0.3119047619047619,0.08209325396825397,0.5325595238095236,small,S_difficulty_other_contrasts,secondary,,
image_level,mean_ptrue_wrong_models,shared_failure,two_model_failures,image_level: shared_failure vs two_model_failures [mean_ptrue_wrong_models],72,35,0.0575817045238283,0.16887433188302176,0.02026716868082682,0.161224365234375,-0.11129262735919346,-0.15189809719031608,-0.07043469393675134,-0.1409571965535482,-0.19402130444844565,-0.07986132303873697,451.0,7.929465432035294e-08,-0.6420634920634921,-0.7897023809523809,-0.4745436507936511,large,S_difficulty_other_contrasts,secondary,,
image_level,mean_conf,shared_failure,partial_failure,image_level: shared_failure vs partial_failure [mean_conf],72,130,0.8356865776909722,0.814273462540064,0.854248046875,0.8214518229166666,0.021413115150908157,-0.008052951128054844,0.05010419753202343,0.03279622395833337,-0.009765625,0.07625528971354167,5442.0,0.05565586124795994,0.16282051282051282,-0.013888888888888888,0.3435897435897436,small,S_difficulty_other_contrasts,secondary,,
image_level,min_conf,shared_failure,partial_failure,image_level: shared_failure vs partial_failure [min_conf],72,130,0.6995747884114584,0.6371150090144231,0.680908203125,0.607421875,0.06245977939703529,0.018701064933059633,0.10442805102747724,0.073486328125,0.00830078125,0.146240234375,5782.5,0.005615169831404341,0.23557692307692307,0.06741185897435897,0.39039797008547,small,S_difficulty_other_contrasts,secondary,,
image_level,conf_range,shared_failure,partial_failure,image_level: shared_failure vs partial_failure [conf_range],72,130,0.24217054578993055,0.31543907752403844,0.239501953125,0.3280029296875,-0.07326853173410788,-0.1128379195775741,-0.03362487662551752,-0.0885009765625,-0.155029296875,-0.033935546875,3221.0,0.0002469933943316744,-0.31175213675213675,-0.4644337606837607,-0.1583199786324787,small,S_difficulty_other_contrasts,secondary,,
image_level,mean_ptrue,shared_failure,partial_failure,image_level: shared_failure vs partial_failure [mean_ptrue],72,130,0.0575817045238283,0.6030567046923514,0.02026716868082682,0.6416486104329426,-0.5454750001685231,-0.5801546095845493,-0.5110036983525652,-0.6213814417521158,-0.6466614517072836,-0.571898341178894,34.0,1.720078349148338e-31,-0.9927350427350428,-0.9989316239316239,-0.982051282051282,large,S_difficulty_other_contrasts,secondary,,
image_level,min_ptrue,shared_failure,partial_failure,image_level: shared_failure vs partial_failure [min_ptrue],72,130,0.022386457357141707,0.2131204971900353,0.0001442432403564453,0.18878173828125,-0.1907340398328936,-0.22114525090871204,-0.16024839642370106,-0.18863749504089355,-0.24220543056726457,-0.13532233685255052,671.0,6.964589919919501e-24,-0.8566239316239316,-0.9258600427350427,-0.7790491452991454,large,S_difficulty_other_contrasts,secondary,,
image_level,mean_conf_wrong_models,shared_failure,partial_failure,image_level: shared_failure vs partial_failure [mean_conf_wrong_models],72,130,0.8356865776909722,0.7069439227764424,0.854248046875,0.68896484375,0.12874265491452985,0.09203815123294486,0.16517918078648056,0.165283203125,0.09358418782552087,0.22413940429687473,6910.0,2.1074156978103872e-08,0.47649572649572647,0.3431463675213675,0.6124038461538461,large,S_difficulty_other_contrasts,secondary,,
image_level,mean_ptrue_wrong_models,shared_failure,partial_failure,image_level: shared_failure vs partial_failure [mean_ptrue_wrong_models],72,130,0.0575817045238283,0.23382489131047177,0.02026716868082682,0.216156005859375,-0.17624318678664347,-0.2084678594072872,-0.14454118320713102,-0.1958888371785482,-0.25185783704121906,-0.16014488538106283,1266.0,9.619091601978456e-18,-0.7294871794871794,-0.8303472222222222,-0.6269177350427351,large,S_difficulty_other_contrasts,secondary,,
image_level,mean_conf,shared_failure,correct_all,image_level: shared_failure vs correct_all [mean_conf],72,1398,0.8356865776909722,0.9767290441888711,0.854248046875,0.9973958333333334,-0.14104246649789887,-0.16820365264218298,-0.1153343729441505,-0.14314778645833337,-0.18701171875,-0.10107421875,7374.5,1.2868627472512597e-34,-0.8534712287394691,-0.8950124682085518,-0.8088233687013193,large,S_difficulty_other_contrasts,secondary,,
image_level,min_conf,shared_failure,correct_all,image_level: shared_failure vs correct_all [min_conf],72,1398,0.6995747884114584,0.9432551175228004,0.680908203125,0.9931640625,-0.24368032911134208,-0.28158617324356133,-0.20723645815578723,-0.312255859375,-0.36083984375,-0.246826171875,8342.0,3.696503568401521e-33,-0.8342473374662216,-0.8745256119853759,-0.7919530380702592,large,S_difficulty_other_contrasts,secondary,,
image_level,conf_range,shared_failure,correct_all,image_level: shared_failure vs correct_all [conf_range],72,1398,0.24217054578993055,0.05446658591514664,0.239501953125,0.0068359375,0.18770395987478392,0.15552262545882603,0.22070753345844227,0.232666015625,0.18505859375,0.27734375,90620.0,1.1344478281699583e-30,0.8005881417898585,0.7569263133841996,0.8404578465267842,large,S_difficulty_other_contrasts,secondary,,
image_level,mean_ptrue,shared_failure,correct_all,image_level: shared_failure vs correct_all [mean_ptrue],72,1398,0.0575817045238283,0.9767290441888711,0.02026716868082682,0.9973958333333334,-0.9191473396650428,-0.937356749826551,-0.8988682548358131,-0.9771286646525066,-0.9807928999265034,-0.9614410400390625,0.0,7.062783785459709e-47,-1.0,-1.0,-1.0,large,S_difficulty_other_contrasts,secondary,,
image_level,min_ptrue,shared_failure,correct_all,image_level: shared_failure vs correct_all [min_ptrue],72,1398,0.022386457357141707,0.9432551175228004,0.0001442432403564453,0.9931640625,-0.9208686601656587,-0.9334223105327453,-0.906526005756897,-0.9930198192596436,-0.9940760731697083,-0.9907364845275879,0.0,6.876319218088069e-47,-1.0,-1.0,-1.0,large,S_difficulty_other_contrasts,secondary,,
own_error,VGG_conf,shared,specific_only_this_model,own_error: VGG16 own errors shared vs specific_only_this_model [conf],72,14,0.8582695855034722,0.7030726841517857,0.9521484375,0.698486328125,0.1551969013516865,0.059661865234374965,0.24775853232731893,0.253662109375,0.12131347656250001,0.406005859375,771.0,0.0017953219010449965,0.5297619047619048,0.2619047619047619,0.7500496031746029,large,P2_own_error_shared_vs_specific,primary,VGG16,
own_error,VGG_conf,shared,nonshared,own_error: VGG16 own errors shared vs nonshared [conf],72,33,0.8582695855034722,0.707571318655303,0.9521484375,0.7294921875,0.15069826684816923,0.07916218150745735,0.21869392780342495,0.22265625,0.146484375,0.3837951660156249,1790.0,3.246881864727262e-05,0.5067340067340067,0.31397306397306396,0.6877104377104377,large,S_own_error_shared_vs_nonshared,secondary,VGG16,
own_error,VGG_ptrue,shared,specific_only_this_model,own_error: VGG16 own errors shared vs specific_only_this_model [ptrue],72,14,0.048797796997759074,0.2457275390625,0.00023305416107177734,0.22821044921875,-0.19692974206474093,-0.2798030855429787,-0.11567649277488866,-0.22797739505767822,-0.3305767297744751,-0.14727364853024483,98.0,1.971356193197779e-06,-0.8055555555555556,-0.9206349206349206,-0.6567460317460317,large,P2_own_error_shared_vs_specific,primary,VGG16,
own_error,VGG_ptrue,shared,nonshared,own_error: VGG16 own errors shared vs nonshared [ptrue],72,33,0.048797796997759074,0.21864526922052557,0.00023305416107177734,0.194091796875,-0.1698474722227665,-0.23314440494233912,-0.11121567529673228,-0.19385874271392822,-0.3240316927433014,-0.11289995089173317,292.0,5.995393152565269e-10,-0.7542087542087542,-0.8737373737373737,-0.6161616161616161,large,S_own_error_shared_vs_nonshared,secondary,VGG16,
own_error,ResNet_conf,shared,specific_only_this_model,own_error: ResNet50 own errors shared vs specific_only_this_model [conf],72,21,0.8783738878038194,0.6969866071428571,0.9501953125,0.64453125,0.18138728066096232,0.11358321659148687,0.24876081678602435,0.3056640625,0.119140625,0.37744140625,1231.5,1.265799875562588e-05,0.628968253968254,0.43386243386243384,0.8029100529100529,large,P2_own_error_shared_vs_specific,primary,ResNet50,
own_error,ResNet_conf,shared,nonshared,own_error: ResNet50 own errors shared vs nonshared [conf],72,46,0.8783738878038194,0.7559442934782609,0.9501953125,0.737548828125,0.12242959432555856,0.06959913686853675,0.17667183622645863,0.212646484375,0.08203125,0.3017639160156249,2442.5,1.4386705060207474e-05,0.47493961352657005,0.2880132850241546,0.6443387681159419,large,S_own_error_shared_vs_nonshared,secondary,ResNet50,
own_error,ResNet_ptrue,shared,specific_only_this_model,own_error: ResNet50 own errors shared vs specific_only_this_model [ptrue],72,21,0.042877557377020516,0.2564493815104167,0.00295257568359375,0.278076171875,-0.21357182413339618,-0.27255169769069026,-0.15268243192916828,-0.27512359619140625,-0.36013092994689944,-0.11300945281982422,116.0,4.184165276605022e-09,-0.8465608465608465,-0.9378306878306878,-0.7314814814814815,large,P2_own_error_shared_vs_specific,primary,ResNet50,
own_error,ResNet_ptrue,shared,nonshared,own_error: ResNet50 own errors shared vs nonshared [ptrue],72,46,0.042877557377020516,0.19663864633311395,0.00295257568359375,0.17919921875,-0.15376108895609344,-0.19638795260573932,-0.1083767564121436,-0.17624664306640625,-0.2742643356323242,-0.11210203170776367,441.5,2.0971629089778678e-11,-0.7333937198067633,-0.8502415458937198,-0.5911684782608696,large,S_own_error_shared_vs_nonshared,secondary,ResNet50,
own_error,EffNet_conf,shared,specific_only_this_model,own_error: EfficientNetB0 own errors shared vs specific_only_this_model [conf],72,60,0.770416259765625,0.6773885091145834,0.801025390625,0.634521484375,0.09302775065104163,0.0361153496636285,0.1490945604112413,0.16650390625,0.07080078125,0.228515625,2855.0,0.0015033380565783322,0.32175925925925924,0.1288888888888889,0.5032696759259258,small,P2_own_error_shared_vs_specific,primary,EfficientNetB0,
own_error,EffNet_conf,shared,nonshared,own_error: EfficientNetB0 own errors shared vs nonshared [conf],72,86,0.770416259765625,0.7041753724563954,0.801025390625,0.684326171875,0.06624088730922961,0.013835605355196212,0.11786304444305658,0.11669921875,0.034417724609375006,0.20068359375,3783.0,0.01653931048017888,0.22189922480620156,0.03775839793281654,0.39536498708010326,small,S_own_error_shared_vs_nonshared,secondary,EfficientNetB0,
own_error,EffNet_ptrue,shared,specific_only_this_model,own_error: EfficientNetB0 own errors shared vs specific_only_this_model [ptrue],72,60,0.08106975919670528,0.26101686159769694,0.044464111328125,0.25732421875,-0.17994710240099165,-0.22624045124484432,-0.13215009948445697,-0.212860107421875,-0.3294222354888916,-0.14675064086914075,733.0,7.063646306597405e-11,-0.6606481481481481,-0.787511574074074,-0.5198958333333333,large,P2_own_error_shared_vs_specific,primary,EfficientNetB0,
own_error,EffNet_ptrue,shared,nonshared,own_error: EfficientNetB0 own errors shared vs nonshared [ptrue],72,86,0.08106975919670528,0.233106579891471,0.044464111328125,0.21795654296875,-0.1520368206947657,-0.19296614351352673,-0.1094872517708583,-0.173492431640625,-0.24506759643554688,-0.0963592529296875,1272.0,1.936508549796212e-10,-0.5891472868217055,-0.714155361757106,-0.45542635658914726,large,S_own_error_shared_vs_nonshared,secondary,EfficientNetB0,
class_glioma,mean_conf,shared_failure,one_model_failure,class_glioma: shared_failure vs one_model_failure [mean_conf] glioma,60,38,0.8356906467013889,0.8112621641995613,0.854248046875,0.8214518229166666,0.02442848250182761,-0.014036508303636768,0.062370255676626456,0.03279622395833337,-0.012738037109374963,0.07601318359374998,1341.5,0.1427496051817516,0.17675438596491228,-0.053519736842105266,0.38864035087719273,small,S_robustness_by_class,secondary,,
class_glioma,min_conf,shared_failure,one_model_failure,class_glioma: shared_failure vs one_model_failure [min_conf] glioma,60,38,0.6880655924479167,0.6324784128289473,0.66748046875,0.601318359375,0.05558717961896931,4.7971491228008505e-05,0.11205678304036464,0.066162109375,-0.014410400390624998,0.14697265625,1388.0,0.07112298059955961,0.21754385964912282,0.002631578947368421,0.4394956140350876,small,S_robustness_by_class,secondary,,
class_glioma,conf_range,shared_failure,one_model_failure,class_glioma: shared_failure vs one_model_failure [conf_range] glioma,60,38,0.26072998046875,0.32013260690789475,0.258056640625,0.3192138671875,-0.059402626439144735,-0.11296702602453398,-0.0051874154074150304,-0.0611572265625,-0.161376953125,0.02930297851562491,856.5,0.039055147115943274,-0.24868421052631579,-0.46228070175438596,-0.01307017543859697,small,S_robustness_by_class,secondary,,
class_glioma,mean_ptrue,shared_failure,one_model_failure,class_glioma: shared_failure vs one_model_failure [mean_ptrue] glioma,60,38,0.04019427829318577,0.6584704215066474,0.01814011732737223,0.66400146484375,-0.6182761432134616,-0.6564291868628989,-0.5792110805862655,-0.6458613475163778,-0.6955126583576202,-0.6082268555959066,1.0,1.0282691228235296e-16,-0.9991228070175439,-1.0,-0.9947368421052631,large,S_robustness_by_class,secondary,,
class_glioma,min_ptrue,shared_failure,one_model_failure,class_glioma: shared_failure vs one_model_failure [min_ptrue] glioma,60,38,0.011258833607037862,0.24440283524362663,5.620718002319336e-05,0.22344970703125,-0.23314400163658877,-0.2852322976212752,-0.18445637016965644,-0.2233934998512268,-0.3446020483970642,-0.16454970836639404,54.0,2.0289979823203476e-15,-0.9526315789473684,-0.9885964912280701,-0.8973684210526316,large,S_robustness_by_class,secondary,,
class_glioma,mean_conf_wrong_models,shared_failure,one_model_failure,class_glioma: shared_failure vs one_model_failure [mean_conf_wrong_models] glioma,60,38,0.8356906467013889,0.7027780633223685,0.854248046875,0.677978515625,0.13291258337902045,0.0760922919379341,0.18530994794522102,0.17626953125,0.05647786458333337,0.24837849934895828,1709.0,3.39356767776407e-05,0.49912280701754386,0.28765350877192986,0.6903508771929825,large,S_robustness_by_class,secondary,,
class_glioma,mean_ptrue_wrong_models,shared_failure,one_model_failure,class_glioma: shared_failure vs one_model_failure [mean_ptrue_wrong_models] glioma,60,38,0.04019427829318577,0.24440283524362663,0.01814011732737223,0.22344970703125,-0.20420855695044088,-0.2557799805814063,-0.15220740888855958,-0.20530958970387778,-0.3218501163025697,-0.14615511894226074,213.0,1.4218870313312699e-11,-0.8131578947368421,-0.9140350877192982,-0.6824122807017546,large,S_robustness_by_class,secondary,,
class_glioma,VGG_conf,shared,nonshared,class_glioma: VGG16 own errors shared vs nonshared [conf] glioma,60,21,0.86044921875,0.7029738653273809,0.960205078125,0.7294921875,0.1574753534226191,0.0680233619326637,0.24362755185081836,0.230712890625,0.1474609375,0.4248046875,945.0,0.0006913334652122008,0.5,0.2523412698412698,0.7095238095238096,large,S_robustness_by_class,secondary,VGG16,
class_glioma,VGG_ptrue,shared,nonshared,class_glioma: VGG16 own errors shared vs nonshared [ptrue] glioma,60,21,0.02976047098636627,0.19632648286365328,8.115172386169434e-05,0.1817626953125,-0.166566011877287,-0.24074316944749583,-0.09630827744801841,-0.1816815435886383,-0.3171209149062634,-0.024011611938476562,123.0,4.340762472682673e-08,-0.8047619047619048,-0.919047619047619,-0.660277777777778,large,S_robustness_by_class,secondary,VGG16,
class_glioma,ResNet_conf,shared,nonshared,class_glioma: ResNet50 own errors shared vs nonshared [conf] glioma,60,14,0.8835001627604167,0.7406180245535714,0.9501953125,0.674072265625,0.14288213820684526,0.05573752267020093,0.22379996163504454,0.276123046875,0.106689453125,0.314453125,634.0,0.0031934082407407806,0.5095238095238095,0.1998809523809524,0.7726488095238094,large,S_robustness_by_class,secondary,ResNet50,
class_glioma,ResNet_ptrue,shared,nonshared,class_glioma: ResNet50 own errors shared vs nonshared [ptrue] glioma,60,14,0.02832970917224884,0.20535319192068918,0.0007729530334472656,0.2034912109375,-0.17702348274844035,-0.25335127252907985,-0.10265955822098824,-0.20271825790405273,-0.3052933394908905,-0.09215378761291504,94.5,7.242892367908962e-06,-0.775,-0.9345535714285714,-0.5714285714285714,large,S_robustness_by_class,secondary,ResNet50,
class_glioma,EffNet_conf,shared,nonshared,class_glioma: EfficientNetB0 own errors shared vs nonshared [conf] glioma,60,35,0.76312255859375,0.7228166852678571,0.792236328125,0.70849609375,0.04030587332589286,-0.02589913504464286,0.1055916050502232,0.083740234375,-0.0244140625,0.18505859375,1218.0,0.19622366368738142,0.16,-0.08954761904761904,0.3990714285714284,small,S_robustness_by_class,secondary,EfficientNetB0,
class_glioma,EffNet_ptrue,shared,nonshared,class_glioma: EfficientNetB0 own errors shared vs nonshared [ptrue] glioma,60,35,0.06249265472094218,0.20536433628627232,0.015651702880859375,0.19091796875,-0.14287168156533014,-0.19840150293849765,-0.08672833932297583,-0.17526626586914062,-0.22231674194335938,-0.056060791015625,383.0,2.7131280704547336e-07,-0.6352380952380953,-0.781952380952381,-0.4647380952380954,large,S_robustness_by_class,secondary,EfficientNetB0,
class_meningioma,mean_conf,shared_failure,one_model_failure,class_meningioma: shared_failure vs one_model_failure [mean_conf] meningioma,10,42,0.8541015625,0.8334030877976192,0.9202473958333334,0.8392740885416667,0.020698474702380842,-0.06863062298487112,0.10132349407862107,0.08097330729166663,-0.08678385416666641,0.14225463867187482,255.0,0.30148560620743203,0.21428571428571427,-0.3476190476190476,0.7144047619047613,small,S_robustness_by_class,secondary,,
class_meningioma,min_conf,shared_failure,one_model_failure,class_meningioma: shared_failure vs one_model_failure [min_conf] meningioma,10,42,0.79365234375,0.6492396763392857,0.839599609375,0.60888671875,0.14441266741071435,0.0410997372581845,0.24169334774925583,0.230712890625,0.01611328125,0.3425354003906249,326.0,0.00732493376808388,0.5523809523809524,0.19035714285714286,0.8571428571428571,large,S_robustness_by_class,secondary,,
class_meningioma,conf_range,shared_failure,one_model_failure,class_meningioma: shared_failure vs one_model_failure [conf_range] meningioma,10,42,0.114794921875,0.31509254092261907,0.11376953125,0.338623046875,-0.20029761904761906,-0.2492828659784226,-0.15016462053571428,-0.224853515625,-0.312506103515625,-0.14696044921875018,45.5,0.00014008155877206997,-0.7833333333333333,-0.9333333333333333,-0.6070833333333336,large,S_robustness_by_class,secondary,,
class_meningioma,mean_ptrue,shared_failure,one_model_failure,class_meningioma: shared_failure vs one_model_failure [mean_ptrue] meningioma,10,42,0.12815028429031372,0.6889185829768104,0.06986363728841147,0.70257568359375,-0.5607682986864967,-0.6315584627172304,-0.48408441325974844,-0.6327120463053385,-0.6895068208376566,-0.45652770996093744,0.0,1.149164566153695e-06,-1.0,-1.0,-1.0,large,S_robustness_by_class,secondary,,
class_meningioma,min_ptrue,shared_failure,one_model_failure,class_meningioma: shared_failure vs one_model_failure [min_ptrue] meningioma,10,42,0.07424319982528686,0.2652537027994792,0.0069122314453125,0.27783203125,-0.1910105029741923,-0.26201288846277054,-0.11762768419015988,-0.2709197998046875,-0.34986114501953125,-0.09919433593750071,53.0,0.0002794462867491778,-0.7476190476190476,-0.9428571428571428,-0.49047619047619045,large,S_robustness_by_class,secondary,,
class_meningioma,mean_conf_wrong_models,shared_failure,one_model_failure,class_meningioma: shared_failure vs one_model_failure [mean_conf_wrong_models] meningioma,10,42,0.8541015625,0.6987072172619048,0.9202473958333334,0.65771484375,0.15539434523809526,0.05597063337053573,0.24621076311383924,0.26253255208333337,0.040283203125,0.34619140625,328.0,0.006369347175142002,0.5619047619047619,0.24285714285714285,0.8380952380952381,large,S_robustness_by_class,secondary,,
class_meningioma,mean_ptrue_wrong_models,shared_failure,one_model_failure,class_meningioma: shared_failure vs one_model_failure [mean_ptrue_wrong_models] meningioma,10,42,0.12815028429031372,0.2652537027994792,0.06986363728841147,0.27783203125,-0.13710341850916546,-0.21581042244320822,-0.05059881332374754,-0.20796839396158853,-0.2986822525660197,-0.011311848958333343,94.0,0.00732493376808388,-0.5523809523809524,-0.8333333333333334,-0.21428571428571427,large,S_robustness_by_class,secondary,,
class_meningioma,VGG_conf,shared,nonshared,class_meningioma: VGG16 own errors shared vs nonshared [conf] meningioma,10,10,0.864990234375,0.748681640625,0.94189453125,0.7509765625,0.11630859375000002,-0.01045776367187504,0.24663330078125004,0.19091796875,-0.09716796875,0.322998046875,73.0,0.08885290847904963,0.46,-0.04,0.84,medium,S_robustness_by_class,secondary,VGG16,
class_meningioma,VGG_ptrue,shared,nonshared,class_meningioma: VGG16 own errors shared vs nonshared [ptrue] meningioma,10,10,0.12602838277816772,0.2300689697265625,0.052417755126953125,0.21112060546875,-0.10404058694839477,-0.2329837307333946,0.020248317718505694,-0.15870285034179688,-0.32039642333984375,0.1385498046875,29.0,0.12122450301291662,-0.42,-0.86,0.12,medium,S_robustness_by_class,secondary,VGG16,
class_meningioma,ResNet_conf,shared,nonshared,class_meningioma: ResNet50 own errors shared vs nonshared [conf] meningioma,10,31,0.8712890625,0.758757560483871,0.925537109375,0.75244140625,0.11253150201612905,0.004344206779233805,0.21396220545614922,0.173095703125,-0.033203125,0.330078125,223.0,0.04041429230803091,0.43870967741935485,0.03225806451612903,0.8193548387096774,medium,S_robustness_by_class,secondary,ResNet50,
class_meningioma,ResNet_ptrue,shared,nonshared,class_meningioma: ResNet50 own errors shared vs nonshared [ptrue] meningioma,10,31,0.09202232360839843,0.19548453054120463,0.06764984130859375,0.17236328125,-0.1034622069328062,-0.17465703718123898,-0.02847425976107199,-0.10471343994140625,-0.2677764892578125,0.04656982421875,84.0,0.032323162223732625,-0.45806451612903226,-0.7741935483870968,-0.09032258064516129,medium,S_robustness_by_class,secondary,ResNet50,
class_meningioma,EffNet_conf,shared,nonshared,class_meningioma: EfficientNetB0 own errors shared vs nonshared [conf] meningioma,10,39,0.826025390625,0.7223745492788461,0.875,0.701171875,0.10365084134615388,-0.004093925280448668,0.1999462264623397,0.173828125,-0.006921386718749971,0.300537109375,263.0,0.09403008976126671,0.3487179487179487,0.010256410256410256,0.6615384615384615,medium,S_robustness_by_class,secondary,EfficientNetB0,
class_meningioma,EffNet_ptrue,shared,nonshared,class_meningioma: EfficientNetB0 own errors shared vs nonshared [ptrue] meningioma,10,39,0.166400146484375,0.2487924037835537,0.1241455078125,0.26123046875,-0.08239225729917868,-0.17435909955929485,0.01986239408835371,-0.1370849609375,-0.266845703125,0.03857421875,143.0,0.20139390196786133,-0.26666666666666666,-0.6051282051282051,0.09756410256410186,small,S_robustness_by_class,secondary,EfficientNetB0,
class_notumor,mean_conf,shared_failure,one_model_failure,class_notumor: shared_failure vs one_model_failure [mean_conf] notumor,0,6,,,,,,,,,,,,,,,,,S_robustness_by_class,secondary,,skipped (n<5)
class_notumor,min_conf,shared_failure,one_model_failure,class_notumor: shared_failure vs one_model_failure [min_conf] notumor,0,6,,,,,,,,,,,,,,,,,S_robustness_by_class,secondary,,skipped (n<5)
class_notumor,conf_range,shared_failure,one_model_failure,class_notumor: shared_failure vs one_model_failure [conf_range] notumor,0,6,,,,,,,,,,,,,,,,,S_robustness_by_class,secondary,,skipped (n<5)
class_notumor,mean_ptrue,shared_failure,one_model_failure,class_notumor: shared_failure vs one_model_failure [mean_ptrue] notumor,0,6,,,,,,,,,,,,,,,,,S_robustness_by_class,secondary,,skipped (n<5)
class_notumor,min_ptrue,shared_failure,one_model_failure,class_notumor: shared_failure vs one_model_failure [min_ptrue] notumor,0,6,,,,,,,,,,,,,,,,,S_robustness_by_class,secondary,,skipped (n<5)
class_notumor,mean_conf_wrong_models,shared_failure,one_model_failure,class_notumor: shared_failure vs one_model_failure [mean_conf_wrong_models] notumor,0,6,,,,,,,,,,,,,,,,,S_robustness_by_class,secondary,,skipped (n<5)
class_notumor,mean_ptrue_wrong_models,shared_failure,one_model_failure,class_notumor: shared_failure vs one_model_failure [mean_ptrue_wrong_models] notumor,0,6,,,,,,,,,,,,,,,,,S_robustness_by_class,secondary,,skipped (n<5)
class_notumor,VGG_conf,shared,nonshared,class_notumor: VGG16 own errors shared vs nonshared [conf] notumor,0,1,,,,,,,,,,,,,,,,,S_robustness_by_class,secondary,VGG16,skipped (n<5)
class_notumor,VGG_ptrue,shared,nonshared,class_notumor: VGG16 own errors shared vs nonshared [ptrue] notumor,0,1,,,,,,,,,,,,,,,,,S_robustness_by_class,secondary,VGG16,skipped (n<5)
class_notumor,ResNet_conf,shared,nonshared,class_notumor: ResNet50 own errors shared vs nonshared [conf] notumor,0,0,,,,,,,,,,,,,,,,,S_robustness_by_class,secondary,ResNet50,skipped (n<5)
class_notumor,ResNet_ptrue,shared,nonshared,class_notumor: ResNet50 own errors shared vs nonshared [ptrue] notumor,0,0,,,,,,,,,,,,,,,,,S_robustness_by_class,secondary,ResNet50,skipped (n<5)
class_notumor,EffNet_conf,shared,nonshared,class_notumor: EfficientNetB0 own errors shared vs nonshared [conf] notumor,0,5,,,,,,,,,,,,,,,,,S_robustness_by_class,secondary,EfficientNetB0,skipped (n<5)
class_notumor,EffNet_ptrue,shared,nonshared,class_notumor: EfficientNetB0 own errors shared vs nonshared [ptrue] notumor,0,5,,,,,,,,,,,,,,,,,S_robustness_by_class,secondary,EfficientNetB0,skipped (n<5)
class_pituitary,mean_conf,shared_failure,one_model_failure,class_pituitary: shared_failure vs one_model_failure [mean_conf] pituitary,2,9,,,,,,,,,,,,,,,,,S_robustness_by_class,secondary,,skipped (n<5)
class_pituitary,min_conf,shared_failure,one_model_failure,class_pituitary: shared_failure vs one_model_failure [min_conf] pituitary,2,9,,,,,,,,,,,,,,,,,S_robustness_by_class,secondary,,skipped (n<5)
class_pituitary,conf_range,shared_failure,one_model_failure,class_pituitary: shared_failure vs one_model_failure [conf_range] pituitary,2,9,,,,,,,,,,,,,,,,,S_robustness_by_class,secondary,,skipped (n<5)
class_pituitary,mean_ptrue,shared_failure,one_model_failure,class_pituitary: shared_failure vs one_model_failure [mean_ptrue] pituitary,2,9,,,,,,,,,,,,,,,,,S_robustness_by_class,secondary,,skipped (n<5)
class_pituitary,min_ptrue,shared_failure,one_model_failure,class_pituitary: shared_failure vs one_model_failure [min_ptrue] pituitary,2,9,,,,,,,,,,,,,,,,,S_robustness_by_class,secondary,,skipped (n<5)
class_pituitary,mean_conf_wrong_models,shared_failure,one_model_failure,class_pituitary: shared_failure vs one_model_failure [mean_conf_wrong_models] pituitary,2,9,,,,,,,,,,,,,,,,,S_robustness_by_class,secondary,,skipped (n<5)
class_pituitary,mean_ptrue_wrong_models,shared_failure,one_model_failure,class_pituitary: shared_failure vs one_model_failure [mean_ptrue_wrong_models] pituitary,2,9,,,,,,,,,,,,,,,,,S_robustness_by_class,secondary,,skipped (n<5)
class_pituitary,VGG_conf,shared,nonshared,class_pituitary: VGG16 own errors shared vs nonshared [conf] pituitary,2,1,,,,,,,,,,,,,,,,,S_robustness_by_class,secondary,VGG16,skipped (n<5)
class_pituitary,VGG_ptrue,shared,nonshared,class_pituitary: VGG16 own errors shared vs nonshared [ptrue] pituitary,2,1,,,,,,,,,,,,,,,,,S_robustness_by_class,secondary,VGG16,skipped (n<5)
class_pituitary,ResNet_conf,shared,nonshared,class_pituitary: ResNet50 own errors shared vs nonshared [conf] pituitary,2,1,,,,,,,,,,,,,,,,,S_robustness_by_class,secondary,ResNet50,skipped (n<5)
class_pituitary,ResNet_ptrue,shared,nonshared,class_pituitary: ResNet50 own errors shared vs nonshared [ptrue] pituitary,2,1,,,,,,,,,,,,,,,,,S_robustness_by_class,secondary,ResNet50,skipped (n<5)
class_pituitary,EffNet_conf,shared,nonshared,class_pituitary: EfficientNetB0 own errors shared vs nonshared [conf] pituitary,2,7,,,,,,,,,,,,,,,,,S_robustness_by_class,secondary,EfficientNetB0,skipped (n<5)
class_pituitary,EffNet_ptrue,shared,nonshared,class_pituitary: EfficientNetB0 own errors shared vs nonshared [ptrue] pituitary,2,7,,,,,,,,,,,,,,,,,S_robustness_by_class,secondary,EfficientNetB0,skipped (n<5)
