section,group,n,total,note,rate,ci_lo,ci_hi,cohen_kappa_multiclass,same_wrong_class_when_both_wrong,model,group_a,group_b,label,n_a,n_b,mean_a,mean_b,median_a,median_b,mean_diff,mean_diff_lo,mean_diff_hi,median_diff,median_diff_lo,median_diff_hi,mw_U,mw_p,cliffs_delta,cliffs_delta_lo,cliffs_delta_hi,magnitude,fisher_p,odds_ratio,error_rate_a,error_rate_b,family,tier,metric
outcome_counts,unanimous_correct,1398.0,,,,,,,,,,,,,,,,,,,,,,,,,,,,,,,,,,,,
outcome_counts,disagreement,153.0,,,,,,,,,,,,,,,,,,,,,,,,,,,,,,,,,,,,
outcome_counts,unanimous_wrong,49.0,,,,,,,,,,,,,,,,,,,,,,,,,,,,,,,,,,,,
agreement_x_category,split_1_1_1|shared_failure,1.0,,,,,,,,,,,,,,,,,,,,,,,,,,,,,,,,,,,,
agreement_x_category,split_1_1_1|two_model_failures,11.0,,,,,,,,,,,,,,,,,,,,,,,,,,,,,,,,,,,,
agreement_x_category,split_2_1|one_model_failure,95.0,,,,,,,,,,,,,,,,,,,,,,,,,,,,,,,,,,,,
agreement_x_category,split_2_1|shared_failure,22.0,,,,,,,,,,,,,,,,,,,,,,,,,,,,,,,,,,,,
agreement_x_category,split_2_1|two_model_failures,24.0,,,,,,,,,,,,,,,,,,,,,,,,,,,,,,,,,,,,
agreement_x_category,unanimous|correct_all,1398.0,,,,,,,,,,,,,,,,,,,,,,,,,,,,,,,,,,,,
agreement_x_category,unanimous|shared_failure,49.0,,,,,,,,,,,,,,,,,,,,,,,,,,,,,,,,,,,,
shared_failure_agreement,shared_failures_same_wrong_class(unanimous),49.0,72.0,these are invisible to any disagreement-based flag,,,,,,,,,,,,,,,,,,,,,,,,,,,,,,,,,,
shared_failure_agreement,shared_failures_with_class_disagreement,23.0,72.0,,,,,,,,,,,,,,,,,,,,,,,,,,,,,,,,,,,
unanimity_precision,P(all correct | unanimous),1398.0,1447.0,,0.9661368348306841,0.9555136802801987,0.9742914755686549,,,,,,,,,,,,,,,,,,,,,,,,,,,,,,,
pairwise_agreement,VGG16 vs ResNet50,81.0,,,0.951875,,,0.9356424058038848,0.8024691358024691,,,,,,,,,,,,,,,,,,,,,,,,,,,,,
pairwise_agreement,VGG16 vs EfficientNetB0,82.0,,,0.9275,,,0.9029593223883718,0.7926829268292683,,,,,,,,,,,,,,,,,,,,,,,,,,,,,
pairwise_agreement,ResNet50 vs EfficientNetB0,88.0,,,0.921875,,,0.8955445575580825,0.7159090909090909,,,,,,,,,,,,,,,,,,,,,,,,,,,,,
error_rate_disagreement_vs_unanimous,,,,,,,,,,VGG16,disagreement,unanimous,error rate VGG16: disagreement vs unanimous,153.0,1447.0,0.3660130718954248,0.033863165169315826,0.0,0.0,0.332149906726109,0.25472580186186433,0.40750075657998747,0.0,0.0,0.0,147463.0,4.764850996039104e-56,0.332149906726109,0.25440024662249144,0.4102730011608421,medium,2.1511143871999546e-33,16.471281296023562,0.3660130718954248,0.033863165169315826,S_disagreement_error_rate,secondary,
error_rate_disagreement_vs_unanimous,,,,,,,,,,ResNet50,disagreement,unanimous,error rate ResNet50: disagreement vs unanimous,153.0,1447.0,0.45098039215686275,0.033863165169315826,0.0,0.0,0.41711722698754694,0.3379947694350719,0.49731357643264623,0.0,0.0,1.0,156868.5,1.4087053880053726e-78,0.41711722698754694,0.33935966231689635,0.49832084411742117,medium,6.238126058447209e-46,23.43586005830904,0.45098039215686275,0.033863165169315826,S_disagreement_error_rate,secondary,
error_rate_disagreement_vs_unanimous,,,,,,,,,,EfficientNetB0,disagreement,unanimous,error rate EfficientNetB0: disagreement vs unanimous,153.0,1447.0,0.7124183006535948,0.033863165169315826,1.0,0.0,0.6785551354842789,0.6045864556373113,0.7480611226291946,1.0,1.0,1.0,185808.5,1.337628669050347e-157,0.6785551354842789,0.6065945544308485,0.7497673798844577,large,8.833114296730798e-93,70.67810760667903,0.7124183006535948,0.033863165169315826,S_disagreement_error_rate,secondary,
disagreement_metric_compare,,,,,,,,,,,shared_failure,one_model_failure,vote_entropy_bits: shared_failure vs one_model_failure,72.0,95.0,0.3026037618044434,0.9182958340544899,0.0,0.9182958340544896,-0.6156920722500465,-0.7142300931534922,-0.5101643522524946,-0.9182958340544896,-0.9182958340544896,-0.9182958340544896,1140.0,1.790532284991659e-20,-0.6666666666666666,-0.7777777777777778,-0.5416666666666666,large,,,,,S_disagreement_metric_compare,secondary,vote_entropy_bits
disagreement_metric_compare,,,,,,,,,,,shared_failure,correct_all,vote_entropy_bits: shared_failure vs correct_all,72.0,1398.0,0.3026037618044434,0.0,0.0,0.0,0.3026037618044434,0.2040657409009977,0.41040104196714844,0.0,0.0,0.0,66405.0,1.352673149095417e-100,0.3194444444444444,0.20833333333333334,0.4305555555555556,small,,,,,S_disagreement_metric_compare,secondary,vote_entropy_bits
disagreement_metric_compare,,,,,,,,,,,any_error,correct_all,vote_entropy_bits: any_error vs correct_all,202.0,1398.0,0.7351448644076085,0.0,0.9182958340544896,0.0,0.7351448644076085,0.6727462876285243,0.7942431111536896,0.9182958340544896,0.9182958340544896,0.9182958340544896,248145.0,2.945176495482132e-256,0.7574257425742574,0.698019801980198,0.8168316831683168,large,,,,,S_disagreement_metric_compare,secondary,vote_entropy_bits
disagreement_metric_compare,,,,,,,,,,,shared_failure,one_model_failure,jsd_bits: shared_failure vs one_model_failure,72.0,95.0,0.21487211979343668,0.4228423839402025,0.1263130422457816,0.3994504085161489,-0.20797026414676584,-0.2693099162141118,-0.1471022111486389,-0.2731373662703673,-0.3117180081599261,-0.21996206612704114,1397.0,6.326364555703903e-11,-0.5915204678362573,-0.7482748538011695,-0.4370833333333336,large,,,,,S_disagreement_metric_compare,secondary,jsd_bits
disagreement_metric_compare,,,,,,,,,,,shared_failure,correct_all,jsd_bits: shared_failure vs correct_all,72.0,1398.0,0.21487211979343668,0.026322327417870717,0.1263130422457816,0.003036681722983388,0.18854979237556596,0.1395582517374193,0.23923384510423343,0.12327636052279822,0.086017232399193,0.1466503513710707,91513.0,9.534358421106545e-32,0.8183317437609283,0.7697638491495788,0.8630995668415196,large,,,,,S_disagreement_metric_compare,secondary,jsd_bits
disagreement_metric_compare,,,,,,,,,,,any_error,correct_all,jsd_bits: any_error vs correct_all,202.0,1398.0,0.36913693597663216,0.026322327417870717,0.34098977978446515,0.003036681722983388,0.34281460855876145,0.30973257193570486,0.3779883304262922,0.33795309806148177,0.29934303402165524,0.3836754348788672,272206.0,4.499002136139855e-101,0.9278318389778892,0.9075583577671071,0.9475077550673523,large,,,,,S_disagreement_metric_compare,secondary,jsd_bits
